Тип	Термозащита 	Доп функции	Уход  (увлажнение/ питание/ восстановление)	Наименование	Фото	Состав  (внимание! Составы взяты с сайтов маркетплейстов, при нахождении несоответсвия просьба сообщить)	Производство	Комментарий	ч
Несмываемая маска 	Нет		Питание Восстановление	 Жрец Красоты Маска №3 "Липопротеиновая"		Aqua (Вода), Pentylene Glycol (Пентиленгликоль), Myristyl Alcohol (Миристиловый спирт), Behentrimmonium Chloride (Бегентримониум Хлорид), Bis-aminopropyl diglycol dimaleate (Бис-аминопропил дигликоль дималеат, восстановитель дисульфидных связей), Hydrolyzed keratin (Гидролизованный кератин, низкомолекулярный кератин, пептиды кератина), Hydroxypropyl Gluconamide (and) Hydroxypropylammonium Gluconate (Гидроксипропил Глюконамид и Гидроксипропиламмония Глюконат, укрепитель водородных связей), Panthenyl Dibehenate/Oleate (Пантенил Дибегенат/Олеат, восстановитель 18-mea), Behentrimonium Methosulfate (and) C10-40 Isoalkylamidopropylethyldimonium Ethosulfate (Беентримониум Метосульфат и C10-40 Изоалкиламидопропилэтилдимониум Этосульфат, восстановитель 18-mea) (and) Cetyl Alcohol (и Цетиловый спирт), Behenamidopropyl Dimethylamine (Бегенамидопропил Диметиламин), Dipalmitoylethyl Hydroxyethylmonium Methosulfate (Дипальмитоилэтил Гидроксиэтилмониум Метосульфат), Cetyl Alcohol (Цетиловый спирт), Stearyl Alcohol (Стеариловый спирт), Amodimethicone (Амодиметикон), Centrimonium Chloride (Цетримониум Хлорид), Trideceth 12 (Тридецет-12), Polyquaternium 11 (Поликватерниум-11), EDTA (ЭДТА), Phenoxyethanol (and) Ethylhexylglycerin (Феноксиэтанол и Этилгексилглицерин), BHT (Антиоксдант), Parfum (Отдушка), Lactic Acid (Молочная кислота).	РФ/СНГ	 питание поверхностное, 18-mea можно кудряшкам 	Высокая
Спрей	Браш ●●	Пленки, разглаживание, защита от внешних факторов	Увлажнение Восстановление	Золотой Шелк Реанимация секущихся кончиков Керапластика Спрей для волос с гиалуроновой кислотой и коллагеном		Aqua (Water), Cyclopentasiloxane, Dimethiconol, Silicone Quaternium-18, Trideceth-6, Trideceth-12, Hydrolyzed Keratin, Glycerin, Soluble Collagen, Sodium Hyaluronate, PPG-3 Caprylyl Ether, Cetrimonium Chloride, Citric Acid, Parfum, Methylchloroisothiazolinone, Methylisothiazolinone. 	РФ/СНГ		Средняя
Спрей	Фен ●	Антистатик, пленки	Питание	Чистая Линия Natura  Экспресс-кондиционер спрей для волос восстановление и обьем с маслом ШИ		Aqua, Polyquaternium-16, PEG-40 Hydrogenated Castor Oil, Achillea Millefolium Extract, Chamomilla Recutita (Matricaria) Flower Extract, Chamomilla Recutita (Matricaria) Flower/Leaf Extract (экстракт ромашки), Chelidonium Majus Extract, Hypericum Perforatum Flower/Leaf/Stem Extract, Urtica Dioica (Nettle) Leaf Powder, Caprylic/Capric Triglyceride, Citric Acid, Diethylhexyl Syringylidenemalonate, Disodium EDTA, Glycerin, Panthenol, Pantolactone, Parfume, Phenoxyethanol, Sodium Benzoate, Hexyl Cinnamal, Linalool, CI 19140, CI 42090.	РФ/СНГ	Можно использовать кудряшкам	Средняя
Крем	Фен ●	Антистатик, пленки	Поверхностный уход Увлажнение	Alfaparf Milano  Blow Dry Cream  Разглаживающий крем 		aqua (water), cetearyl alcohol, behentrimonium chloride, cetyl dimethicone, propylene glycol, quaternium-80, polyquaternium-37, parfum (fragrance), phenoxyethanol, cetrimonium chloride, ethylhexylglycerin, isopropyl alcohol, guar hydroxypropyltrimonium chloride, glycerin, lactic acid, sodium cocoyl amino acids, hexyl cinnamal, linalool, potassium dimethicone peg-7 panthenyl phosphate, citral, moringa pterygosperma seed extract	ЕС	Для путающихся волос, кудряшкам не подойдет	Высокая
Масло	Нет	Питание длительного воздействия	Питание	Angel Professional Argan Oil Repair Oil Профессиональное аргановое масло моментальное восстановление, для сухих, поврежденных, окрашенных волос		Argan Spinosa Kernel Oil, CITRUS AURANTIUM AMARA (Bitter Orange) Flower Extract, Helianthus Annuus (Sunflower) Seed Oil, Opuntia TUNA Extract, Boswellia Carteril Oil, Parfum, Henoxyethano.	ЕС	Для любого типа волос, может подсушивать волосы	Высокая
Спрей	Фен ●	Пленки, защита от внешних факторов	Комплексный уход (увлажнение, питание, восстановление)	Angel Professional Hair Soften Spray 		Aqua (Water), Amodimethicone, Glycerin, Lanolin, Marine Collagen, Fragrance, Citric Acid, Phenoxyethanol, Hydroxyethylcellulose, Disodium EDTA	ЕС	Можно пробовать кудряшкам, если нет проблем с завитком	Высокая
Крем	Фен ●	Пленки, защита от внешних факторов	Комплексный уход (увлажнение, питание, восстановление)	Angel Professional  Color Protect Hydration Cream  Увлажняющий крем для окрашенных волос		Aqua, vitis vinifera (grape) seed oil, glycerin, cyclopentasiloxane, polyacrylamide, hydrolyzed wheat protein, argania spinosa kernel oil, padina pavonica extract, prunus speciosa leaf extract, keratin, macadamia ternifolia seed oil, parfum, phenoxyethanol	ЕС	Можно использовать кудряшкам	Высокая
Спрей	Фен ●	Пленки, защита от внешних факторов	Комплексный уход (увлажнение, питание, восстановление)	Angel Professional  Fantasy Party Goddess Spray "Божественный"  Несмываемый спрей-кондиционер для волос		Water, amodimethicone, glycerin, sunflower oil, propylene glycol, marine collagen, lanolin, lactic acid, vitamine e, hydroxyethlcellulose, fragrance, disodium edta, phenoxyethanol.	ЕС	Можно пробовать кудряшкам, если нет проблем с завитком	Высокая
Крем	Фен ●	Пленки	Питание	Angel Provence Helichrysum cream Увлажняющий крем для сухих и поврежденных волос несмываемый с экстрактом Бессмертника		helichrysum stoechas extract, aqua, cyclopentasiloxane, beeswax, ginkgo biloba leaf extract, helianthus annuus (sunflower) seed oil, vitis vinifera (grape) seed oil, polyacrylamide, allantoin, phenoxyethanol	ЕС	Для любого типа волос	Высокая
Крем	Фен ●	Антистатик, пленки, защита от внешних факторов	Увлажнение Питание	Aravia Professional  Hydra Gloss Cream  Крем-уход восстанавливающий для глубокого увлажнения сухих и обезвоженных волос		Aqua, Behenoyl PG-Trimonium Chloride, Stearamidopropyl Dimethylamine, Vitis vinifera (Grape) seed oil, Cetearyl Alcohol (and) Dipalmitoylethyl Hydroxyethylmonium Methosulfate (and) Ceteareth-20, Simmondsia chinensis (Jojoba) seed oil, Glycerin, Propylene Glycol, Bis (C 13-15 Alkoxy) PG-Amodimethicone, Betaine, Niacinamide, Polyquaternium-10, Pantothenic Acid, Perfume, Phenoxyethanol	РФ/СНГ	Можно использовать кудряшкам, если нет проблем с завитком	Средняя
Спрей	Фен ●	Антистатик, пленки, защита от внешних факторов	Увлажнение Восстановление	ASAYA Спрей для волос 15 в 1 Термозащитная сыворотка с кератином для легкого расчесывания несмываемый уход для волос		Aqua, Amodimethicone, Cetrimonium Chloride, Trideceth-3,Trideceth-15, Glycerin, Polyquaternium-37, Behentrimonium Chloride, Lysine, Histidine, Arginine, Aspartic Acid, Threonine, Serine, Glutamic Acid, Proline, Glycine, Alanine, Valine, Methionine, Isoleucine, Leucine, Tyrosine, Phenylalanine, Cysteine, Propylene Glycol, Prunus Persica Fruit Extract, Polyquaternium-10, PEG-40 Hydrogenated Castor Oil, Oenothera Biennis Oil, Retinyl Palmitate, Tocopheryl Acetate, Salvia Officinalis Leaf Extract, Aloe Barbadensis Leaf Juice, Lotus Japonicus Extract, Bambusa Arundinacea Leaf Extract, Panthenol, PEG-7 Glyceryl Cocoate, Argania Spinosa Kernel Oil, Hydrolyzed Keratin, Lactic Acid, Parfum, Phenoxyethanol, Ethylhexylglycerin, Sodium Benzoate, Potassium Sorbate.	РФ/СНГ	Не подойдёт кудряшкам 	Высокая 
Спрей	Фен ●	Пленки, смягчение и распутывание	Комплексный уход (увлажнение, питание, восстановление)	Barex Olioseta Oro Di Luce  Cristalli liquidi  Флюид "Жидкие Кристаллы"		Aqua (Water), Cetearyl Alcohol, Dimethicone, Marine Collagen, Seaweed Essence, Lanolin Alcohol, Glycerin, Isopropyl Myristate, Isopropyl Palmitate, Isostearic Acid, Isostearyl Alcohol, Fragrance, Phenoxyethanol, Disodium ED CI 73360 (FD&C Red No. 30)	ЕС	Не подходит для кудряшек	Высокая
Масло	Нет		Питание	Bielita Professional  Organic Hair Care  Масло-эликсир с фитокератином для всех типов волос		Изопропилпальмитат, масло плодов Olea Europaea (оливковое), масло Prunus Amygdalus Dulcis (сладкого миндаля), масло Persea Gratissima (авокадо), масло Sesamum Indicum (кунжута), масло семян Simmondsia chinensis (жожоба), масло косточек Argania Spinosa, растительное масло, масло корня Cyperus Esculentus (земляного миндаля), изопропилмиристат, масло зародышей Triticum vulgare (пшеницы), токоферилацетат, БГТ, парфюмерная композиция, АМП-изостеариламинокислоты пшеницы/кукурузы/сои, лимонен 	РФ/СНГ	Без силиконов, подходит для кудрявого волоса	Средняя
Масло	Утюг ●●●	Пленки, защита от внешних факторов	Питание	BOUTICLE  Argan Repair Elixir-oil  Эликсир на основе масла арганы 		Cyclopentasiloxane, C12-15 Alkyl Benzoate, Dimethiconol, Dimethicone, Argania Spinosa Kernel Oil, Tocopheryl Acetate, CI 26100 (Red 17), CI 47000 (Yellow 11), Linalool, Hexyl Cinnamal, Parfum (Fragrance)	ЕС	Кудряшкам не подойдет	Высокая
Спрей	Фен ●		Восстановление	CHI  44 Iron Guard Thermal Protection Spray  Термозащитный спрей сильной фиксации		Aqua/Water/Eau, Sodium Polystyrene Sulfonate, Alcohol Denat., Propanediol, Polysorbate 20, Hydrolyzed Silk, Phenoxyethanol, Caprylyl Glycol, Hexylene Glycol, Potassium Sorbate, Hydrolyzed Wheat Protein PG-Propyl Silanetriol, PPG-20 Methyl Glucose Ether, Fragrance (Parfum), Benzyl Benzoate, Butylphenyl Methylpropional, Hydroxyisohexyl 3-Cyclohexene Carboxaldehyde, Hexyl Cinnamal, Silica, Alumina, Titanium Dioxide, Citric Acid	США	В составе нет силиконов, кудряшкам подойдет, есть простой спирт в составе, не подойдет сухим волосам	Высокая
Масло	Утюг ●●●	Пленки, защита от внешних факторов	Комплексный уход (увлажнение, питание, восстановление)	CHI  Keratin Silk Infusion  Шелковая инфузия, жидкий шелк с кератином масло 		Cyclopentasiloxane, Dimethiconol, Hydrolyzed Keratin, Argania Spinosa Kernel Oil, Simmondsia Chinensis (Jojoba) Seed Oil, Glycerin, Guar Hydroxypropyltrimonium Chloride, Hydrolyzed Ceratonia Siliqua Seed Extract, Polyquaternium-7, Zea Mays (Corn) Starch, Hydrolyzed Silk, Aqua/Water/Eau, C12-15 Alkyl Benzoate, Fragrance (Parfum), Hexyl Cinnamal, Linalool, Butylphenyl Methylpropional, Geraniol, Citronellol, Limonene, Citral	США	Сильная термозашита, кудряшкам не подойдет	Высокая
Масло	Утюг ●●●	Пленки, защита от внешних факторов	Восстановление	CHI  Silk Infusion  Гель шелковая Инфузия 		Cyclopentasiloxane, Dimethiconol, C12-15 Alkyl Benzoate, Hydrolyzed Corn Protein, Hydrolyzed Soy Protein, Hydrolyzed Wheat Protein, Hydrolyzed Silk, Aqua/Water/Eau, Fragrance (Parfum), Benzyl Benzoate, Butylphenyl Methylpropional, Hexyl Cinnamal	США	Сильная термозащита, кудряшкам не подойдет	Высокая
Спрей	Нет		Увлажнение	Christophe Robin Hydrating Leave-In Mist with Aloe Vera Увлажняющий спрей		Aqua/Water/Eau, Propanediol, Aloe Barbadensis Leaf Juice, Glycerin, Phenoxyethanol, Polyglyceryl-4 Caprate, Hydrogenated Starch Hydrolysate, Behenamidopropyl Dimethylamine, Linum Usitatissimum (Linseed) Seed Extract, Lactic Acid, Fragrance (Parfum), Saccharide Isomerate, Ethylhexylglycerin, Limonene, Linalool, Potassium Sorbate, Alpha-Isomethyl Ionone, Citral, Citric Acid, Sodium Citrate, Sodium Hydroxide	UK		Высокая
Крем	Нет		Увлажнение Питание	Christophe Robin Hydrating Leave-In Cream with Aloe Vera Увлажняющий крем для волос		Aqua/Water/Eau, Aloe Barbadensis Leaf Juice, Cetearyl Alcohol, Ethylhexyl Pelargonate, Propanediol, Shea Butter Ethyl Esters, Ethylhexyl Stearate, Glycerin, Cetearyl Glucoside, Fragrance (Parfum), Butyrospermu Parkii (Shea) Butter, Brassica Campestris/Aleurites Fordi Oil Copolymer, Sodium Benzoate, Glyceryl Stearate, Jojoba Esters, Phytantriol, Xanthan Gum, Cucumis Sativus (Cucumber) Fruit Extract, Potassium Sorbate, Linum Usitatissimum (Linseed) Seed Extract, Agave Americana Leaf Extract, Saccharomyces Cerevisiae Extract, Helianthus Annuus (Sunflower) Seed Wax, Sodium Stearoyl Glutamate, Sodium Pca, Sodium Phytate, Limonene, Linalool, Citric Acid, Moringa Oleifera Seed Oil, Polyglycerin-3, Alpha-Isomethyl Ionone, Leuconostoc/Radish Root Ferment Filtrate, Citral, Coumarin, Sodium Hydroxide, Tocopherol.	UK		Высокая
Спрей	Фен (слабая) ●	Антистатик, пленки	Увлажнение	Compliment  Argan oil & Ceramides  Спрей-восстановление для сухих и ослабленных волос		Aqua, Glycerin, Polyacrylamidopropyltrimonium Chloride, Propylene Glycol, Polyquaternium-22, PPG-1-PEG-9 Lauryl Glycol Ether, Polysorbate 20, Phenoxyethanol, PEG‑8, PEG‑8/SMDI Copolymer, Palmitoyl Myristyl Serinate, Sodium Polyacrylate, Parfum, Argania Spinosa Kernel Oil, Citric Acid, Disodium EDTA.	РФ/СНГ	Можно использовать кудряшкам	Средняя
Спрей	Фен ●	Пленки, защита от внешних факторов	Комплексный уход (увлажнение, восстановление)	Compliment  Blondie Mania  Спрей нейтрализатор желтизны		Aqua, Glycerin, Propylene glycol, Hydrolyzed Keratin, Silicone Quaternium-16, Undeceth-11, Butyloctanol, Undeceth-5, PEG-12 Dimethicone, PEG-40 Hydrogenated Castor Oil, Parfum, Phenoxyethanol, Panthenol, Avocado Oil Glycereth-8 Esters, Almond Oil Gl	РФ/СНГ	Не подходит для кудряшек	Средняя
Масло	Утюг ●●●	Пленки, защита от внешних факторов	Питание	Constant Delight  Жидкие кристаллы Finishing Magic 5 Oils		Cyclopentasiloxane, Dimethiconol, C13-14 isoparaffin, Argania spinosa kernel oil, Alcohol denat, Parfum (Fragrance), Methul hydrogenated rosinate, Benzyl salicylate, Linalool, Gossypium herbaceum (cotton) seed oil, Macadamia integrifolia seed oil, Persea gratissima (Avocado) oil, Simmondsia chinensis (Jojoba) seed oil, Limonene, CI 47000 (Yellow 11), CI 26100 (Red17).	ЕС	Кудряшкам не подойдет	Высокая
Сыворотка	Утюг ●●●	Пленки, защита от внешних факторов	Увлажнение Восстановление	CP-1  ESTHETIC HOUSE The Remedy Silk  Восстанавливающая эссенция для поврежденных и сухих волос / Термозащитная шелковая эссенция для волос		Cyclopentasiloxane, Dimethicone, Isostearyl Isostearate, Alcohol, C12-15 Alkyl Benzoate, Panthenol, Hydrolyzed Silk(1,000ppm), Hydrolyzed Elastin, Hydrolyzed Keratin, Hydrolyzed Collagen, Glycerin, 1,2-Hexanediol, Alpha-Isomethyl Ionone, Benzyl Alcohol, Linalool, Butylphenyl Methylpropional, Fragrance	Корея	Кудряшкам не подойдет	Высокая
Крем	Фен (слабая) ●	Не сильная термозащита, уход 	Увлажнение Восстановление	CURL ROCK AND ROLL  Несмываемый крем для ухода за кудрявыми волосами		вода (Aqua); цетеариловый спирт (Cetearyl Alcohol); дистеароилэтил димониум хлорид (Distearoylethyl Dimonium Chloride); воск рисовых отрубей (Rice (Oryza Sativa) Bran Wax); аргинин (L-Arginine); гидролизованный протеин овса (Hydrolyzed Oat Protein); мембранно-липидный комплекс из сои (Phospholipids, Glycine Soja Oil and Glycolipids and Glycine Soja Sterols); комплекс аминокислот: цистеин, глутамин, глицин, таурин, пролин, гидроксипролин (Cysteine, Glutamine, Glycine, Taurine, Proline, Hydroxyproline); эмолент из кокосового масла (Isopropyl Myristate); апельсиновый воск (Citrus Aurantium Dulcis Peel Wax); глюкозамин (Glucosamine); сквалан (Squalane); катионный гуар (Guar Hydroxypropyltrimonium Chloride); мягкий консервант (Nipaguard SCE: Sorbitan Caprylate, Propanediol, Benzoic Acid); лимонная кислота (Citric Acid); натуральные пищевые ароматизаторы апельсина и ананаса (Fragrances)	РФ/СНГ	Кудряшкам подойдёт 	Высокая 
Спрей	Фен ●	Антистатик, пленки	Поверхностный уход	Davines  Love Curl Revitalizer Spray  Спрей-ревиталайзер для усиления завитка		Water, Alcohol Denat., Glycerin, Polysorbate 20, VP/VA Copolymer, Polyquaternium-69, Fragrance, Polyquaternium-11, Disodium EDTA, Prunus Amygdalus Dulcis (Sweet Almond) Seed Extract, Limonene, Citric Acid	ЕС	Если волос сухой, лучше не использовать Содержит простой спирт	Высокая
Крем	Фен (слабая) ●	Пленки, защита от внешних факторов	Увлажнение	Davines  MOMO Hair Potion  Увлажняющий несмываемый крем для волос 		Aqua / Water / Eau, Cetearyl Alcohol, Glycerin, Hydroxypropyl Starch Phosphate, Panthenol, Benzotriazolyl Dodecyl P-Cresol, Dimethicone, Parfum / Fragrance, Behentrimonium Chloride, Benzyl Alcohol, Methyl Gluceth-20, Pentaerythrityl Tetra-Di-T-Butyl Hydroxyhydrocinnamate, Polysorbate 20, Hydroxypropyltrimonium Hydrolyzed Wheat Protein, Sclerotium Gum, Acrylamidopropyltrimonium Chloride/Acrylates Copolymer, Disodium Edta, Polyquaternium-28, Tocopherol, Sodium Benzoate, Guar Hydroxypropyltrimonium Chloride, Isopropyl Alcohol, Amodimethicone, Cucumis Melo Fruit Extract / Cucumis Melo (Melon) Fruit Extract, Phenoxyethanol, Caprylyl Glycol, Citric Acid, Ci 19140 / Yellow 5, Limonene, Coumarin, Ci 61570 / Green 5, Ci 17200 / Red 33	ЕС	Кудряшкам не подойдет	Высокая
Масло	Утюг ●●●	Пленки, защита от внешних факторов	Поверхностный уход 	Davines  Oi Oil Absolute Beautifying Potion  Масло для абсолютной красоты волос c маслом аннатто		cyclopentasiloxane, disiloxane, dimethiconol, cyclohexasiloxane, ethylhexyl methoxycinnamate, parfum / fragrance, tocopherol, helianthus annuus seed oil / helianthus annuus (sunflower) seed oil, bixa orellana seed extract, citronellol, mauritia flexuosa fruit oil, geraniol, linalool, alpha-isomethyl ionone, limonene	ЕС	Кудряшкам не подойдет	Высокая
Спрей	Фен ●	Антистатик, пленки	Увлажнение	DiViT  Hair Spray  Солнцезащитный спрей для волос от солнца защита		Вода, глицерин, лактат натрия, силиконовая эмульсия, гель алое вера,  цетримониум хлорид, аллантоин, консервант локогуард, миритол, масло авокадо, гашилд уф	РФ/СНГ	Не подходит кудряшкам	Средняя
Спрей	Фен ●	Антистатик, пленки, разглаживание	Поверхностный уход Питание	EDEN  Spray for Hair Thermal Every day  Спрей-кондиционер для волос с термозащита		Aqua, Water (Аnd) Silicone Quaternium-18 (Аnd) Trideceth-6 (Аnd) Trideceth-12, Cetrimonium Chloride, PEG-40 Hydrogenated Castor Oil, Vitis Vinifera (Grape) Seed Extract, Parfum, Methylisothiazolinone (And) Methylchloroisothiazolinonе, Laminaria Digitata Extract, Citric Acid, Hydrolyzed Keratin, CI 14720	РФ/СНГ	Кудряшкам пробовать с осторожностью, если нет проблем с завитком	Средняя
Спрей	Фен ●	Антистатик, пленки	Увлажнение	Estel professional Curex balance Спрей «Водный баланс» для всех типов волос		Aqua, Cucumis Sativus Juice , Cetrimonium Chloride, PEG/PPG-15/15 Dimethicone, Polysorbate 20, Glycerin, Propylene Glycol, Sorbitol, Panthenol, Carboxymethyl Chitin, Sodium Hyaluronate, Parfum, Limonene, Butylphenyl Methylpropional, Hexyl Cinnamal, Linalool, Citronellol, Diazolidinyl Urea, Methylparaben, Propylparaben, Lactic Acid, C.I.42090	РФ/СНГ	Кудряшкам не подойдет	Средняя
Спрей	Фен ●	Антистатик, пленки	Увлажнение Восстановление	Estel professional Curex sun flowers Спрей защита от солнца 		Aqua, Sodium Hyaluronate, Polyquaternium-10, Glycerin, Hydrolyzed Silk, PEG/PPG-15/15 Dimethicone, PEG-40 Hydrogenated Castor Oil, Panthenol, Cetrimonium Chloride, Phenoxyethanol, Ethylhexylglycerin, Sodium Benzotriazolyl Butylphenol Sulfonate, Propylene Glycol, Diazolidinyl Urea, Methylparaben, Propylparaben, Parfum, Linalool, Hexyl Cinnamal, Citronellol, Benzyl Salicylate, Geraniol, Alpha-Isomethyl Lonone, Limonene, Lactic Acid	РФ/СНГ	Кудряшкам не подойдет	Средняя
Спрей	Фен ●	Антистатик, пленки	Восстановление	Estel professional Haute Couture Batiste  Спрей-термозащита для волос 		Aqua, PVP/VA Copolymer, Hydrolyzed Wheat Protein, Hydrolyzed Silk, PEG/PPG-15/15 Dimethicone, Diazolidinyl Urea, Methylparaben, Propylparaben, Cetrimonium Chloride, Polysorbate20, Parfum, Butylphenyl Methylpropional, Hydroxyisohexyl 3-Cyclohexene Carboxaldehyde, Aminomethyl Propanol	РФ/СНГ	Не подойдет кудряшкам	Средняя
Спрей	Фен ●	Антистатик, пленки, разглаживание	Поверхностный уход 	Estel professional Otium Winteria Двухфазный спрей для волос, антистатик эффект		Aqua, Isododecane, Cyclopentasiloxane, Behentrimonium Chloride, Distearoylethyl Hydroxyethylmonium Methosulfate, Polysorbate 20, Silicone Quaternium-18, Trideceth-6, Trideceth-12, PEG-12 Dimethicone, Dimethiconol, Parfum, Limonene, Linalool, Citronellol, Geraniol, Coumarin, C12–15 Alkyl Benzoate, Sodium PCA, Lactic Acid, Betaine, Ethylhexyl Methoxycinnamate, Rubus Chamaemorus Seed Oil, Inulin, Propylene Glycol, Vaccinium Vitis-Idaea Fruit Extract, Vaccinium Angustifolium (Blueberry) Fruit Extract, PEG-35 Castor Oil, Aesculus Hippocastanum (Horse Chestnut) Seed Extract, Retinyl Palmitate, Tocopherol, Inositol, Calcium Pantothenate, Linoleic Acid, Biotin, Decyl Glucoside, Cetearyl Isononanoate, Ceteareth-20, Cetearyl Alcohol, Glyceryl Stearate, Glycerin, Ceteareth-12, Cetyl Palmitate, Phenoxyethanol, Methylparaben, Ethylparaben, Propylparaben, BHT.	РФ/СНГ	18-МЕА (убрали в новой версии состава)	Средняя
Спрей	Браш ●●	Пленки, защита от внешних факторов	Поверхностный уход Питание	Estel professional Vita Терапия Двухфазный лосьон-спрей для повреждённых волос		Aqua, Disiloxane, Cyclopentasiloxane, Dimethiconol, Phenyl Trimethicone, Persea Gratissima(Avocado)Oil, Parfum, Limonene, Linalool, Butylphenyl Methylpropional, Citronellol, Geraniol, PEG/PPG-15/15 Dimethicone, Cetrimonium Chloride, PEG-12 Dimethicone, Laurdimonium Hydroxypropyl Hydrolyzed Silk, Laurdimonium Hydroxypropyl Hydrolyzed Colladen, Hydrolyzed Keratin, CitricAcid, Polysorbate 20, Chitosan, Diazolidinyl Urea, Methylparaben, Propylparaben, C.I. 61565, C.I. 60725	РФ/СНГ	Подходит для пушистых волос, кудряшкам не подойдет	Средняя
Спрей	Фен ●	Антистатик, пленки, разглаживание	Поверхностный уход Питание	Estel professional  18+ Увлажняющий спрей термозащита для волос, лёгкое расчёсывание		Aqua, Isododecane, Cyclopentasiloxane, Dimethiconol, C12-15 Alkyl Benzoate, Behentrimonium Chloride, Lactic Acid, Silicone Quaternium-18, Trideceth-6, Trideceth-12, PEG-12 Dimethicone, Phenyl Trimethicone, Parfum, Benzyl Salicylate, Hexyl Cinnamal, Linalool, Citronellol, Geraniol, аlpha-Isomethyl Ionone, Limonene, Behentrimonium Methosulfate, C10-40 Isoalkylamidopropylethyldimonium Ethosulfate, Cetyl Alcohol, Sodium PCA, Betaine, Ethylhexyl Methoxycinnamate, PEG/PPG-15/15 Dimethicone, Argania Spinosa Kernel Oil, Phenoxyethanol, Acetamidoethoxyethanol, Etidronic Acid, Hydrolyzed Keratin, Hydrolyzed Silk, Gossypium Herbaceum (Cotton) Seed Oil, Methylparaben, Oryza Sativa Extract, Glycine Soya Protein, Triticum Vulgare (Wheat) Germ Extract, PEG-40 Hydrogenated Castor Oil, Propylene Glycol, Tetrasodium EDTA, Glycerin, Sorbitol, Panthenol, Carboxymethyl Chitin, Sodium Hyaluronate, Niacinamide, Cаffeine, Diazolidinyl Urea, Propylparaben, CI 60730	РФ/СНГ	Кудряшкам не подойдет, есть 18-МЕА	Средняя
Масло	Утюг ●●●	Пленки, разглаживание	Поверхностный уход 	Estel professional  Curex Brilliance  Жидкий шелк для всех типов волос		 Disiloxane, Cyclopentasiloxane, Dimethiconol, Dimethicone, C12-15 Alkyl Benzoate, Tocopheryl Acetate, Parfum, Limonene, Linalool, Geraniol	РФ/СНГ	Кудряшкам не подойдет	Средняя
Масло	Утюг ●●●	Пленки, разглаживание	Поверхностный уход 	Estel professional  Curex Brilliance  Флюид "Блеск-эффект" c термозащитой		Сyclopentasiloxane, dimethicone, amodimethicone, parfum, hexyl cinnamal, benzyl salicylate, linalool, alpha-isomethyl ionone, eugenol, geraniol, limonene.	РФ/СНГ	Кудряшкам не подойдет	Средняя
Сыворотка	Нет	Не термозащита, уход	Увлажнение	Estel professional  Curex therapy  Сыворотка для секущихся кончиков		Aqua;Panthenol;Polysorbate 20;Hydroxyethylcellulose;Chitosan;Glycerin;Diazolidinyl Urea;Methylparaben;Propylparaben;Lactic Acid;Parfum;Limonene;Butylphenyl Methylpropional;Hexyl Cinnamal;Linalool;Citronellol;Cetrimonium Chloride  	РФ/СНГ	Для любого типа	Средняя
Спрей	Фен ●	Антистатик, пленки	Комплексный уход (увлажнение, питание, восстановление)	Estel professional  Curex versus winter  Спрей-уход защита от холода		Aqua, Laurdimonium Hydroxypropyl Hydrolyzed Collagen, Cetrimonium Chloride, Glycerin,  PEG/PPG-15/15 Dimethicone, Panthenol, Cetearyl Alcohol, PEG-40 Hydrogenated Castor Oil, Diazolidinyl Urea, Methylparaben, Propylparaben, Parfum, Linalool, Hydroxycitronellal, Butylphenyl Methylpropional, Hexyl Cinnamal, Limonene, C.I. 60730	РФ/СНГ	Кудряшкам не подойдет	Средняя
Спрей	Фен ●	Антистатик, пленки	Восстановление	Estel professional   Airex Cпрей-термозащита для волос легкая фиксация		Aqua, PVP/VA Copolymer, Laurdimonium Hydroxypropyl Hydrolyzed Wheat Protein, Laurdimonium Hydroxypropyl Hydrolyzed Silk Protein, PEG/PPG-15/15 Dimethicone, Diazolidinyl Urea, Methylparaben, Propylparaben, Cetrimonium Chloride, Parfum, Butylphenyl Methylpropional, Hexyl Cinnamal, Limonene,   Hydroxyisohexyl 3-Cyclohexene Carboxaldehyde, Aminomethyl Propanol.	РФ/СНГ	Для пушистых волос, легкая фиксация. Не подойдет кудряшкам	Средняя
Крем	Фен ●	Пленки, защита от внешних факторов	Поверхностный уход 	Estel Secrets Эликсир для волос Регенерация  для поврежденных волос Экстравосстановление		Aqua, Acrylates/Palmeth-25 Acrylate Copolymer, Polyurethane-14, AMP-Acrylates Copolymer, Cyclopentasiloxane, Dimethiconol, Dimethicone, Ceteareth–20, Hydrolyzed Keratin, Phenyl Trimethicone, Phenoxyethanol, Methylparaben, Ethylparaben, Propylparaben, Polyquaternium-10, Aminomethyl Propanol, Glycerin, Hydrolyzed Ceratonia Siliqua Seed Extract, Zea Mays (Corn) Starch, Polyquaternium-7, Guar Hydroxypropyltrimonium Chloride, Sodium Benzoate, Potassium Sorbate, Simmondsia Chinensis (Jojoba) Seed Oil, Parfum, Linalool, Limonene, Hexyl Cinnamal, Citronellol.	РФ/СНГ		Средняя
Масло	Утюг ●●●	Пленки, защита от внешних факторов	Питание	Garnier Fructis Преображение Масло-эликсир тройное восстановление		Cyclopentasiloxane, dimethiconol, argania spinosa oil/argania spinosa kernel oil, camellia oleifera seed oil, limonene, linalool, benzyl alcohol, geraniol, citronellol, hexyl cinnamal, parfum/fragrance.	ЕС РФ/СНГ	Кудряшкам не подойдет	Средняя
Спрей	Нет	Смягчение, распутывание, антистатик, пленки	Комплексный уход (увлажнение, питание, восстановление)	Garnier Fructis  SOS Кератин  Сыворотка-спрей для поврежденных волос 		aqua / water, glycin soja oil / soybean oil, candelilla cera / candelilla wax, phyllanthus emblica fruit extract, stearyl alcohol, sorbitan oleate, behentrimonium chloride, ppg-1 trideceth-6, isopropyl alcohol, propylene glycol, propylene glycol dicaprylate/dicaprate, hydrolyzed corn protein, hydrolyzed soy protein, hydrolyzed wheat protein, caprylic /capric triglyceride, caprylyl glycol, citric acid, quaternium-87, polyquaternium-11, polyquaternium-37, polysorbate 20, pentaerythrityl tetra-di-t-butyl hydroxyhydrocinnamate, sodium benzoate, phenoxyethanol, linalool, coumarin, limonene, parfum / fragrance.	ЕС РФ/СНГ	Можно использовать кудряшкам	Средняя
Флюид	Утюг ●●●	Пленки, защита от внешних факторов	Поверхностный уход 	Giovanni 2chic Frizz be gone Anti-frizz hair serum Сыворотка для выпрямления и против пушения волос		Циклопентасилоксан, диметикон, токоферол (витамин Е), пантенол (провитамин B5), отдушка (включая эфирные масла), экстракт листьев эшшольции калифорнийской (Eschscholtzia californica), экстракт крапивы двудомной (Urtica dioica), экстракт плодов шиповника (Rosa canina), экстракт листьев розмарина (Rosmarinus officinalis), экстракт плодов бергамота (Citrus aurantium bergamia).	США		Высокая
Крем	Фен ●	Антистатик, пленки, защита от внешних факторов	Комплексный уход (увлажнение, питание, восстановление)	Giovanni  2chic Ultra Sleek Несмываемый кондиционер и стайлинг эликсир для ультра гладких волос с бразильским кератином и аргановым маслом		Аква (очищенная вода), глицерин, стеариловый спирт, цетиловый спирт, пантенол (провитамин В-5), диметикон, токоферилацетат (витамин Е), * ядро арганиновой спинозы (арган), гидролизованный кератин пауллиниана кукана (бразильский какао) экстракт [фито-кератин], * экстракт аспалатуса линеариза (ройбос), * cocos nucifera (кокосовое) масло, экстракт семян макадамии ternifolia (macadamia), * butyrospermum parkii (масло ши), полисорбат 60, бензоат натрия, лимонная кислота , бензиловый спирт, феноксиэтанол, природный аромат	США	Не подходит для кудряшек	Высокая
Спрей	Нет		Увлажнение Питание	Giovanni 2chic Ultra-Moist Super Potion Увлажняющий спрей для разглаживания волос 		Вода (очищенная), глицерин, пантенол (провитамин B5), токоферилацетат (витамин Е), ксантановая камедь, феноксиэтанол, полисорбат 20, лимонная кислота, отдушка, бензоат натрия, медный комплекс хлорофиллина, сок листьев алоэ вера (Aloe barbadensis), масло авокадо (Persea gratissima), экстракт плодов личи (Litchi chinensis), подсолнечное масло (Helianthus annuus), экстракт киноа (Chenopodium quinoa), масло ши (Butyrospermum parkii), подсолнечное масло (Helianthus annuus)	США		Высокая
Масло	Утюг ●●●	Пленки, защита от внешних факторов	Поверхностный уход 	Gisou Honey Infused Hair Oil Масло для волос с медом		Cyclopentasiloxane, Dimethiconol, Ethylhexyl Methoxycinnamate, Mel (Honey), Fragrance (Parfum), Benzyl Salicylate, Linalool, Hexyl Cinnamal, Citronellol, Alpha-Isomethyl Ionone, Hydroxycitronellal, Limonene, Geraniol.	ЕС		Высокая
Крем	Фен (слабая) ●	Антистатик, пленки, защита от внешних факторов	Комплексный уход (увлажнение, питание, восстановление)	Gkhair  Leave-In Bombshell Cream  Несмываемый крем для блонда 		вода, цетиарил спирт, глицерин, масло кокоса, миристиловый спирт, стеарамидопропил диметиламин, бегентримониум хлорид, кватерниум-70, гидролизованный кератин(джувексин), гидропропил фосфат, изопропил миристат, молочная кислота, парфюм, изопропиловый спирт, цетримониум хлорид, поликватерниум-10, октадецил ди-т-бутил-4-гидроксигидроциннамат, IC 60730, ПЭГ-90М, токоферил ацетат, гидролизованные протеины сои, ДМДМ хидантоин, дисодиум ЭДТА, бензотриазолил додецил п-кресол, гидролизованный плод ацеролы, гидролизованный грейпфрут, стеариловая кислота, иодопропинил бутилкарбамат, пигмент базовый синий 99, пигмент базовый красный 51, д-лимонен, линалол.	США	Можно использовать кудряшкам	Высокая
Крем	Фен ●	Антистатик, пленки, защита от внешних факторов	Увлажнение	GKhair  Thermal Style Her Крем-термозащита для волос		Aqua, Dimethicone, Polyquaternium-37, Glyceryl Stearate, PEG-100 Stearate ,Caprylyl Glycol, Propylene Glycol, Dicaprylate/Dicaprate, Dimethicone,Phenoxyethanol,Parfum,Hexylene Glycol ,Butylene Glycol ,PPG-1 Trideceth-6 ,ArganiaSpinosa Kernel Oil ,Acetamide MEA ,Decyl Glucoside , Panthenol,Hydrolyzed Keratin ,Triticum Vulgare (Wheat)Germ Acid ,Cocoyl Sarcosine ,Sodium Cocoyl Collagen Amino Acid, Sorbitol, Triticum Vulgare (Wheat) Germ Oil, Glycerin, Polysorbate 20, HydrolyzedGlycosaminoglycans, Tocopheryl Acetate, SimmondsiaChinensis (Jojoba) Seed Oil, Polysorbate 80, Linoleic Acid, Linolenic Acid, Tocopherol, Benzyl Benzoate, Linalool, Benzyl Salicylate, Limonen.	США	Кудряшкам не подойдет	Высокая
Крем	Нет	Пленки, защита от внешних факторов	Поверхностный уход 	Glynt Malibu Smoothing Cream Крем для волос   		Aqua, Benzophenone-4, C13-14 Isoparaffin, Dimethiconol, Ethanolamine, Ethylhexylglycerin, Laureth-7, Mica, Phenoxyethanol, Polyacrylamide, Propylene Glycol, Trisiloxane, Citronellol, Parfum, CI 77891.	ЕС		Высокая
Крем	Фен (слабая) ●	Пленки	Увлажнение Восстановление	Grigri Wonder hair cream  Крем-спрей		 Aqua, Cetyl Alcohol,  PPG-3 Caprylyl Ether, Hydrolyzed Silk Protein, Panthenol, Hydrolyzed Keratin, Lactic Acid, Triethanolamine, Phenoxyethanol, Behenamidopropyl Dimethylamide,  Bis (C13-15 Alkoxy) PG. Amodimethicone, Glycerin, Lauryl Lactate, Dimethicone, Ethylhexylglycerin, Parfum.	РФ/СНГ	Можно кудряшкам	Средняя
Спрей	Фен ●	Антистатик, пленки	Поверхностный уход 	Hair Company Professional  Hair Light Keratin Care Spray Спрей-уход с кератином 		Aqua [Water], Myristyl alcohol, Quaternium-80, Cyclopentasiloxane, Cetrimonium chloride, Parfum [Fragrance], Amodimethicone, Imidazolidinyl urea, Phenoxyethanol, Dimethiconol, Ethylhexylglycerin,Trideceth-10, Benzophenone-4, Citric acid, Hydrolyzed keratin, Caramel.	ЕС	Универсальный спрей, кудряшкам можно пробовать	Средняя
Спрей	Фен ●	Антистатик, пленки, защита от внешних факторов	Комплексный уход (увлажнение, питание, восстановление)	Hair Sekta  NE MOCHALKA Многофункциональный уход для всех типов волос		Aqua, Cocos Nucifera (Coconut) Oil, Myristyl Alcohol, Amodimethicone, Phenyl Trimethicone, Propylene Glycol Dicaprylate/Dicaprate, Behentrimonium Chloride, Polyquaternium-37, Hydrolyzed Vegetable Protein PG-Propyl Silanetriol, Glycerin, Cystoseira Compressa Extract, Zea Mays Extract, PPG-1 Trideceth-6, C11-15 Alketh-7, Laureth-9, Trideceth-12, Cetrimonium Chloride, Tetrasodium EDTA, Lactic Acid, Dehydroacetic Acid, Sodium Benzoate, Gluconolactone, Calcium Gluconate, Benzyl Alcohol, Ethylhexylglycerin, Phenoxyethanol, Parfum.	РФ/СНГ	Можно пробовать кудряшкам, если нет проблем с завитком	Средняя
Спрей	Браш ●●	Антистатик, пленки, защита от внешних факторов	Комплексный уход (увлажнение, питание, восстановление)	Indola  Hydrate #2 care Innova  Увлажняющий спрей-кондиционер для волос		Aqua (Water, Eau) · Cyclomethicone · Phenyl Trimethicone · Dimethiconol · Cetyl PEG/PPG-10/1 Dimethicone · Polyquaternium-16 · Simmondsia Chinensis (Jojoba) Seed Oil · Dimethylsilanol Hyaluronate · Panthenol · Hydrolyzed Keratin · Steardimonium Hydroxypropyl Hydrolyzed Keratin · Parfum (Fragrance) · Citric Acid · Cetrimonium Chloride · Sodium Benzoate · Linalool · Citronellol · Butylphenyl Methylpropional · Alpha-Isomethyl Ionone · Phenoxyethanol · Geraniol · Potassium Sorbate	ЕС	Не подходит для кудряшек	Высокая
Масло	Утюг ●●●	Пленки, защита от внешних факторов	Питание	INEBRYA  Pro color perfect serum Масло для окрашенных волос		Cyclopentasiloxane, Dimethicone, Dimethiconol, Caprylic/Capric Triglyceride, Parfum, Benzophenone-3, Camellia Oleifera Seed Oil, Diamond Powder, Maltodextrin, Ruby powder, Aqua, Bumetrizole, Lycium Barbarum Fruit Extract, Citric Acid, CI 26100, C.I. 60725, Sodium Benzoate, Potassium Sorbate, Silica, Acetyl heptapeptide-9 (and) Colloidal Gold.	ЕС	Кудряшкам не подойдет	Высокая
Масло	Утюг ●●●	Пленки, защита от внешних факторов	Питание	Insight  Insight Styling Liquid Crystals  Жидкие кристаллы для термозащиты волос 		Cyclopentasiloxane, Cyclohexasiloxane, Dimethiconol, Sesamum Indicum (Sesame) Seed Oil, Linum Usitatissimum (Linseed) Seed Oil, Parfum/Fragrance.	ЕС	Кудряшкам не подойдет	Высокая
Крем	Нет	Антистатик, пленки, комплексный уход длительного воздействия	Комплексный уход (увлажнение, питание, восстановление)	Jurassic Spa  "Жидкий шелк"  Сыворотка несмываемая для волос		Вода очищенная (Aqua); гидролизованный шелк (Hydrolyzed Silk); гидролизованный протеиновса (Hydrolyzed Oat Protein); эмолент из оливкового масла* (полиглицерил-6 оливат); аргинин (L-аргинин); растительного кондиционера* (дистеароилэтилдимония хлорид); комплекс аминокислот: цистеин, глутамин, глицин, метионин, таурин, пролин, гидроксипролин (цистеин, глютамин, глицин, метионин, таурин, пролин, гидроксипролин); эмолент из кокосового масла* (изопропилмиристат); цетеариловый спирт (Cetearyl Alcohol); глюкозамин (глюкозамин); сквалан (Squalane); катионный гуар* (гидроксипропилтримониум хлорид); гликозаминогликаны (Glycosaminoglycans); мягкий консервант Нипагард SCE* (Sorbitan Caprylate, Propanediol, Benzoic Acid), гиалуроновая кислота (Hyaluronic Acid); поликватерниум-10 (Polyquaternium 10); аскорбиновая кислота (L-аскорбиновая кислота); лимонная кислота (Citric Acid); отдушка* (Parfum).	РФ/СНГ	Идеально подходит кудрявым волосам и сильноповрежденным	Средняя
Масло	Утюг ●●●	Пленки, защита от внешних факторов	Питание	Kapous Professional Профессиональное масло ARGAN OIL  для ухода за волосами		CYCLOPENTASILOXANE, DIMETHICONOL, ARGANIA SPINOSA KERNEL OIL, ETHYLHEXYL METHOXYCINNAMATE, LINUM USITATISSIMUM (LINSEED) SEED OIL, CI 47000 (YELLOW 11), CI 26100 (RED 17)	ЕС		Высокая
Спрей	Фен ●	Антистатик, пленки	Увлажнение Питание	Kapous Professional Thermo Barrier  Лосьон для термозащиты волос		Aqua (Water), Alcohol Denat., Propylene Glycol, Cetrimonium Chloride, VP/DMAPA Acrylates Copolymer, PEG-40 Hydrogenated Castor Oil, Parfum (Fragrance), Hydrolyzed Wheat Protein, Phenoxyethanol, Benzyl Alcohol, Potassium Sorbate, Tocopherol, Glycerin, Hydrolyzed Ceratonia Siliqua Seed Extract, Zea Mays (Corn) Starch, Guar Hydroxypropyltrimonium Chloride, Polyquaternium-7, Citric Acid, Benzyl Salicylate, Linalool, Limonene, Citronellol, Eugenol, Anise Alcohol	ЕС	Может подсушивать волосы, кудряшкам можно пробовать, если нет излишней сухости.	Высокая
Сыворотка	Браш ●●	Пленки, защита от внешних факторов	Поверхностный уход 	Kapous Professional  Сыворотка двухфазная для волос с маслами Авокадо и Оливы		Aqua (Water), Cyclopentasiloxane, Dimethicone, PEG-14 Dimethicone, Phenyl Trimethicone, Parfum (Fragrance), Citric Acid, Polyquaternium-11, Polyquaternium-6, Polysorbate-20, Disodium EDTA, Olea Europaea (Olive) Fruit Oil, Persea Gratissima (Avocado) Oil, Phenoxyethanol, Ethylhexylglycerin, CI 19140 (Yellow 5), CI 42090 (Blue 1), Parfum (Fragrance).	ЕС	Кудряшкам не подойдет	Высокая
Крем	Браш ●●	Пленки, защита от внешних факторов	Питание	Kapous Professional  Cream Silk  Кремовый шёлк для волос		Aqua (Water), Cyclopentasiloxane, Dimethiconol, Gossypium Herbaceum (Cotton) Seed Oil, Phenoxyethanol, Parfum (Fragrance), Acrylates/C10-30 Alkyl Acrylate Crosspolymer, Sodium Acrylate/Sodium Acryloyldimethyl Taurate Copolymer, Potassium Sorbate, Isohexadecane, Ethylhexyl Methoxycinnamate, Sodium Benzoate, Lecithin, Ethylhexylglycerin, Niacinamide, Tocopheryl Acetate, Sodium Hydroxide, Polysorbate 80, Tocopherol, Ascorbyl Palmitate, Limonene, Linalool, Benzyl Salicylate, Citronellol, Citric Acid, Hydroxycitronellal, Geraniol, Alph-Isomethyl Ionone, Ci 47005 (Yellow 10), Ci 16035 (Red 40)	ЕС	Кудряшкам не подойдет	Высокая
Спрей	Браш ●●	Антистатик, пленки, защита от внешних факторов	Поверхностный уход 	Kapous Professional  Dual Renascence 2 phase  Увлажняющая сыворотка для восстановления волос		aqua (water), cyclopentasiloxane, dimethicone, cetrimonium chloride, sodium chloride, polysorbate 20, phenyl trimethicone, cetyl peg/ppg-10/1 dimethicone, dimethiconol, lactic acid, amodimethicone, polyquaternium-28, benzophenone-4, hydrolyzed keratin, caprylyl glycol, ci 42090 (fd&c blue 1), phenoxyethanol, ethylhexylglycerin, potassium sorbate, sodium benzoate, limonene,  benzyl benzoate, hexyl cinnamal, linalool, benzyl salicylate, citronellol, hydroxycitronellal, eugenol, parfum (fragrance)	ЕС	Кудряшкам не подойдет	Высокая
Масло	Утюг ●●●	Пленки, защита от внешних факторов	Поверхностный уход 	KAYPRO  Argan Oil  Масло-спрей против сухости волос		Dimethicone, Cyclopentasiloxane, Parfum (Fragrance), Argania Spinosa Kernel Oil, Benzophenone 3, Linum Usitatissimum Seed Oil (Linum Usitatissimum (Linseed) Oil), Aqua (Water), Propylene Glycol, Hydrolyzed Silk	ЕС	Не подойдет кудряшкам	Высокая
Спрей	Нет	Антистатик	Поверхностный уход 	KAYPRO  Argan Oil 10 в 1  Кондиционер  питательный		Aqua (Water), Cetearyl Alcohol, Behentrimonium chloride, Phenoxyethanol, Quaternium 82, Methoxy PEG/PPG – 7/3 Aminopropyl Dimethicone, Parfum (Fragrance), Stearamidopropyl Dimethylamine, Isopropyl Alcohol, Ethylhexylglycerin, Citric Acid, Butylphenyl Methylpropional, Linalool, Hydroxyisohexyl 3-Cyclohexene Carboxaldehyde, Limonene, Benzyl Benzoate, Argania Spinosa Kernel Oil, Linum Usitatissimum Seed Oil (Linum Usitatissimum (Linseed) Oil), Polyamide-2, Propylene Glycol, Hydrolyzed Silk	ЕС	Кудряшкам можно пробовать	Высокая
Молочко	Фен ●	Антистатик, пленки	Питание	Kemon Actyva Linfa Solare Protection Milk Солнцезащитное молочко для волос и кожи купить		aqua (water/eau), ethylhexyl salicylate, cyclopentasiloxane, butyl methoxydibenzoylmethane, octocrylene, lauryl lactate, caprylic/capric triglyceride, decyl oleate, glycerin, polysorbate 20, sodium acrylates/beheneth 25 methacrylate crosspolymer, hydrogenated polydecene, phenoxyethanol, peg-33, peg-8 dimethicone, decylene glycol, peg-14, tocopheryl acetate, polyquaternium-7, guar hydroxypropyltrimonium chloride, 1,2-hexanediol, polyquaternium-39,  lauryl glucoside, helianthus annuus seed oil (helianthus annuus (sunflower) seed oil), disodium edta, dmdm hydantoin, arnica montana flower extract, bht, bha, parfum (fragrance), linalool, limonene, coumarin, citral, benzyl salicylate.	ЕС	Можно пробовать кудряшкам	Высокая
Масло	Утюг ●●●	Пленки, защита от внешних факторов	Поверхностный уход 	KENSUKO KERATIN Hair Oil Масло для волос		Cyclopentasiloxane, Dimethicone, Mineral Oil, Cyclohexasiloxane, Parfum, Argania Spinosa Kernel Oil, Camellia Sinensis Seed Oil, Hydrolyzed Keratin, Ci 12700.	Япония 		Высокая
Спрей	Фен ●	Антистатик, пленки	Поверхностный уход 	Keune Style Humidity Shield Спрей защита от влаги № 13		Alcohol Denat., Dimethyl Ether, Octylacrylamide/Acrylates/Butylaminoethyl Methacrylate Copolymer, Isopropyl Alcohol, Aminomethyl Propanol, Dipropylene Glycol, Parfum (Fragrance), Dimethicone, Trisiloxane, Benzophenone-4	ЕС	Если волос сухой, лучше не использовать. Для кудряшек не подойдет, если нужно сохранить завиток.	Высокая
Масло	Утюг ●●●	Пленки, защита от внешних факторов	Поверхностный уход 	Keune Style Smooth Defrizz Serum		Dimethicone, Trisiloxane, Dimethiconol, Isodecyl Neopentanoate, Tocopheryl Acetate, Dipropylene Glycol, Diethylamino Hydroxybenzoyl Hexyl Benzoate, Ethylhexyl Methoxycinnamate, Parfum (Fragrance), Aqua (Water), Hydrolyzed Vegetable Protein Pg-Propyl Silanetriol, Phenoxyethanol, Potassium Sorbate.	ЕС		Высокая
Масло	Утюг ●●●	Пленки, защита от внешних факторов	Питание	Keune  CARE Sun Shield Oil Масло для волос Солнечная линия		Alcohol Denat., Dimethicone, Octyldodecanol, Trisiloxane, Ethylhexylmethoxycinnamate, Aqua (Water), Squalane, Tocopheryl Acetate, Parfum (Flavor), Propylene Glycol, Diethylamino-Hydroxybenzoyl Glycerol Glycerol -Glycerin, Denat. , Saccharomyces / Fermentation Of Zinc, Saccharomyces / Fermentation Of Copper, Leaf Extract Of Ginkgo Biloba, Saccharomyces / Fermentation Of Silicon, Alpha-Isomethylionone, Benzyl Salicylate, Citronellol, Hexylcinnamal, Limonene, Linalool	ЕС	Не подойдет кудряшкам, может подсушивать волосы	Высокая
Молочко	Браш ●●	Антистатик, пленки, защита от внешних факторов	Поверхностный уход 	Kezy  Magic Life Smooth  Молочко разглаживающее с термозащитой		Aqua, Cyclopentasiloxane, Propylene Glycol, Dimethiconol, Peg/ppg-18/18 Dimethicone, Polyquaternium-37, Amodimethicone, Propylene Glycol Dicaprylate/dicaprate, Phenoxyethanol, Helianthus Annuus Seed Extract, Parfum, Hydroxypropylguar, Behentrimonium Chloride, Laureth-23, Ppg-1 Trideceth-6, Laureth-4, Ethylparaben, Methylparaben, Isopropyl Alcohol, Tocopheryl Acetate, Propylparaben, Trideceth-12, Glycerin, Cetrimonium Chloride, Sodium Lauroyl Lactylate, Decyl Glucoside, Ceramide Np, Ceramide Ap, Phytosphingosine, Xanthan Gum, Cholesterol, Carbomer, Ceramide Eop	ЕС	Кудряшкам не подойдет	Высокая
Сыворотка	Фен ●	Антистатик, смягчение, распутывание, пленки	Поверхностный уход 	KHARISMA VOLTAGE Hair Serum Увлажняющая cыворотка для волос		Aqua,Polyquaternium-7,Dimethicone, Dimethiconol,PEG-12Dimethicone,Polyquaternium-37,Glycerin,Propylene GlycolDicaprylate, PPG-1 Trideceth-6, CetylAlcohol, Hydroxyethylcellulose,Citric Acid, Fragrance, Dmdm Hydantoin.	Китай		Средняя
Сыворотка	Фен ●	Антистатик, пленки, защита от внешних факторов	Увлажнение	Kharisma Voltage  Daily Nutritive Сыворотка для волос питательная		Aqua, Polyquaternium-7, Dimethicone, Dimethiconol, PEG-12Dimethicone, Polyquaternium-37, Glycerin, Propylene Glycol Dicaprylate, PPG-1 Trideceth-6, Cetyl Alcohol, Hydroxyethylcellulose, Citric Acid, Fragrance, Dmdm Hydantoin	Китай	Кудряшкам не подойдет	Средняя
Спрей	Фен ●	Антистатик, пленки, защита от внешних факторов	Увлажнение	Kharisma Voltage  Leave in Aqua Спрей для волос увлажняющий		Aqua, Propylene Glycol, Dimethiconol, Cetrimonium Chloride, Glycerin, Hydrolyzed Collagen,Citric Acid, Fragrance, Methylchloroisothiazolinone,  Methylisothiazolinone	Китай	Не подходит для кудряшек	Средняя
Сыворотка	Нет	Антистатик, смягчение, распутывание, пленки	Комплексный уход (увлажнение, питание, восстановление)	Kharisma Voltage  Salon Professional Series  Несмываемый уход для волос с кератином		aqua, lactic acid, cetearyl alcohol, cetyl alcohol, glycerin, keratin, hydroxypropyltrimonium hydrolyzed wheat protein, hydrolyzed collagen, brassicamidopropyl dimethylamine, steartrimonium chloride, hydroxyethylcellulose, phenoxyethanol, fragrance, cocodimonium hydroxypropyl hydrolyzed wheat protein, alcohol, dmdm hydantoin, methylparaben, citric acid, propylparaben, ethylhexylglycerin	Китай	Можно использовать кудряшкам	Средняя
Масло	Нет		Питание	Klorane Huile protectrice à la cire d'Ylang-Ylang Масло солнцезащитное с воском Иланг-Иланг		Isododecane, Diisopropyl Adipate, Isodecyl Neopentanoate, Coco-Caprylate/Caprate, Dicaprylyl Carbonate, Ethylhexyl Methoxycinnamate, Caprylic/Capric Triglyceride, C12-15 Alkyl Benzoate, Butyl Methoxydibenzoylmethane, Ricinus Communis (Castor) Seed Oil (Ricinus Communis Seed Oil), Alpha-Isomethyl Ionone, Benzyl Benzoate, BHT, Cananga Odorata Flower Wax (Cananga Odorata Flower Cera), Fragrance (Parfum), Helianthus Annuus (Sunflower) Seed Oil (Helianthus Annuus Seed Oil), Linalool, Tocopherol.	ЕС	Можно использовать кудряшкам	Высокая
Масло	Фен (слабая) ●		Питание	L'Oreal Paris Extraordinary Oil Sublime Detangle  Leave-In Spray, Anti Frizz, For Dry Hair		Isobutane, Isododecane, Chamomilla Recutita Flower Extract / Matricaria Flower Extract, Cocos Nucifera Oil / Coconut Oil, Tocopherol, Helianthus Annuus Seed Oil / Sunflower Seed Oil, Calendula Officinalis Flower Extract, Dimethiconol, Benzyl Alcohol, Cinnamal, Linalool, Linum Usitatissimum Flower Extract / Linseed Flower Extract, Caprylic/Capric Triglyceride, Caprylic/Capric Glycerides, Gardenia Taitensis Flower, Rosa Canina Flower Extract, C12-15 Alkyl Benzoate, Parfum / Fragrance.	ЕС РФ/СНГ		Средняя
Крем	Браш ●●	Антистатик, пленки	Комплексный уход (увлажнение, питание, восстановление)	L'Oreal Paris Elseve  Длина Мечты  Крем-уход для волос несмываемый		Aqua / Water, Cyclopentasiloxane, Propylene Glycol, Triethanolamine, Niacinamide, Ricinus Communis Seed Oil, Castor Seed Oil, Hydroxypropyl Guar, Hydrolyzed Wheat Protein, Hydroxycitronellal, Hydrolyzed Corn Protein, Hydrolyzed Soy Protein, Hydroxypropyltrimonium Hydrolyzed Wheat Protein, Phenoxyethanol, Peg / Ppg - 17/18 Dimethicone, Behentrimonium Chloride, Trideceth-6, Polyquaternium-4, Dimethiconol, Limonene, Panthenol, Benzyl Salicylate, Linalool, Benzyl Alcohol, Amodimethicone, Isopropyl Alcohol, Caprylyl Glycol, Alpha-isomethyl Ionone, Carbomer, Geraniol, Potato Starch Modified, Citronellol, Cetrimonium Chloride, Coumarin, Hexyl Cinnamal, Parfum / Fragrance	ЕС РФ/СНГ	Можно пробовать кудряшкам, если нет проблем с завитком	Средняя
Масло	Утюг ●●●	Пленки, защита от внешних факторов	Питание	L'Oreal Professionnel 10в1 Absolut Repair Oil  Масло для восстановления поврежденных волос		Cyclopentasiloxane, Dimethiconol, Linalool, Triticum Vulgare Germ Oil / Wheat Germ Oil, Oryza Sativa Bran Oil / Rice Bran Oil, Hexyl Cinnamal, Limonene, Citral, Parfum / Fragrance. C229354/1.	ЕС	Кудряшкам не подойдет	Высокая
Крем	Фен ●	Пленки, антистатик, защита от внешних факторов	Поверхностный уход 	L'Oreal Professionnel Heat protecting Cream Serie Expert Pro Longer Термозащитный крем		aqua / water / eau • cetyl alcohol • cetearyl alcohol • cetyl esters • amodimethicone• behentrimonium methosulfate• phenoxyethanol• quaternium-33• Arginine• panthenol• lactic acid• behentrimonium chloride• trideceth-6• benzyl salicylate • benzyl alcohol• linalool• isopropyl alcohol• serine• cetrimonium chloride• limonene • aminopropyl triethoxysilane• hydroxycitronellal• citronellol• alpha-isomethyl ionone • polyquaternium-6• parfum / fragrance. C241290/1.	ЕС		Высокая
Масло	Утюг ●●●	Пленки, защита от внешних факторов	Питание	L’Oreal Professionnel  Mythic Oil  Профессиональное питательное аргановое масло с термозащитой для легкого расчесывания и ухода за кончиками волос		cyclopentasiloxane • alcohol denat. • dimethiconol • argania spinosa kernel oil • c12-15 alkyl benzoate • limonene • hexyl cinnamal • coumarin • linalool • benzyl alcohol • hydroxycitronellal • amyl cinnamal • geraniol • alpha-isomethyl ionone • isoeugenol • cinnamyl alcohol • citronellol • parfum / fragrance. c195061/1.	ЕС	Кудряшкам не подойдет, может подсушивать волосы	Высокая
Спрей	Фен ●	Антистатик, пленки, разглаживание	Поверхностный уход 	L'Oreal Professionnel Tecni Art Fix Anti frizz Fixing spray  Спрей сильной фиксации с защитой от влаги и УФ-лучей		1015035 Alcohol Denat, Dimethyl Denat, Dimethyl Ether, Acrylates, T-Butylacrylamide Copolymer, Aminomethyl Propanol, Ppg-3, Methyl Ether, Ethylhexyl Methoxycinnamate, Peg•Ppg-17•18 Dimethicone, Linalool, Limonene• Butylphenyl, Methylpropional, Hexyl, Cinnamal, Hydroxycitronellial, Benzyl, Salicylate, Citral,  Parfum, Fragrance C22168/1	ЕС	Если волос сухой, лучше не использовать. Для кудряшек не подойдет, если нужно сохранить завиток.	Высокая
Флюид	Фен ●	Антистатик, легкие пленки, разглаживание	Поверхностный уход 	La Biosthetique  Smoothing Styling  Флюид стайлинг для выпрямления волос		Aqua (Water), Alcohol Denat. , Hydroxypropyl Guar, Peg-40 Hydrogenated Castor Oil, Parfum (Fragrance), Propylene Glycol, Acacia Senegal Gum, Pullulan, Sorbitol, Trehalose, Glycerin, Panthenol, Decyl Glucoside, Polyquaternium-11, Lactic Acid, Benzyl Salicylate, Limonene, Alpha-Isomethyl Ionone, Citronellol, Coumarin, Phenoxyethanol, Caprylyl Glycol, Linalool, Citral, Geraniol, Cinnamyl Alcohol, Cinnamal, Eugenol, Benzyl Benzoate, Benzyl Alcohol, Farnesol. 	ЕС	Можно использовать кудряшкам, но может подсушивать волосы	Высокая
Крем-спрей	Фен ●	Пленки, защита от внешних факторов	Восстановление	La'dor Eco Before Care Keratin PPT Спрей		Hydrolyzed Keratin, Water, PEG-12 Dimethicone, Propylene Glycol, Benzyl Glycol. Ethylhexylglycerin, Raspberry Ketone, PEG-60 Hydrogenated Castor oil. Trideceth-10 Fragrance	Корея		Высокая
Спрей	Браш ●●	Антистатик, пленки, защита от внешних факторов	Комплексный уход (увлажнение, питание, восстановление)	La'dor Wonder Pic Clinic Water pH 4.9 Восстанавливающий слабощелочной спрей-мист для укрепления и защиты волос 		Hippophae Rhamnoides Fruit Extract, Cyclopentasiloxane, Butylene Glycol, Hydrolyzed Silk, Dimethicone, 1,2-Hexanediol, Polyquaternium-6, Polyquaternium-53, Dimethiconol, Caprylic/Capric Triglyceride, PEG-60 Hydrogenated Castor Oil, Trideceth-10, Lavandula Angustifolia (Lavender) Extract, Rosmarinus Officinalis (Rosemary) Extract, Thymus Vulgaris (Thyme) Extract, Mentha Arvensis Leaf Extract, Borago Officinalis Extract, Salvia Officinalis (Sage) Leaf Extract, Jasminum Officinale (Jasmine) Extract, Chamomilla Recutita (Matricaria) Flower Extract, Steartrimonium Chloride, Caprylyl Glycol, Polysorbate 60 , Disodium EDTA, Fragrance.	Корея	Кудряшкам не подойдет	Высокая
Крем	Браш ●●	Антистатик, пленки, защита от внешних факторов	Увлажнение Восстановление	La'dor  Keratin Power Glue Сыворотка для волос с кератином для секущихся кончиков 		 Water, Cyclopentasiloxane, Dimethicone, Propylene Glycol, Cetearyl Alcohol, Glycerin, Dimethiconol, Glyceryl Stearate, Hydroxyethyl Urea, Cetrimonium Chloride+B8, Hydrolyzed Keratin, Moringa Oleifera Seed Oil, Tocopherol, Hydrolyzed Collagen, Snail Secretion Filtrate, Butylene Glycol, Phenoxyethanol, Hydroxyethylcellulose, Sodium Dehydroacetate, Fragrance	Корея	Кудряшкам не подойдет	Высокая
Масло	Утюг ●●●	Пленки, защита от внешних факторов	Питание	La'dor  Perfect Hair Therapy  Несмываемая эссенция для поврежденных волос		Cyclomethicone, Dimethiconol, Dimethicone, Cyclopentasiloxane, Vinyl Dimethicone Crosspolymer, Argania Spinosa Kernel Oil, Hydrolyzed Silk Ethyl Ester, Fragrance.	Корея	Кудряшкам не подойдет	Высокая
Масло	Утюг ●●●	Пленки, защита от внешних факторов	Питание	La'dor  Perfumed Hair Oil 02 Hinoki  Питательное парфюмированное масло для нормальных волос		Cyclopentasiloxane, dimethicone, dimethiconol, C12- 15 alkyl benzoate, cyclohexasiloxane, squalane, amodimethicone, avocado oil, argan kernel oil, tocopheryl acetate, camellia seed oil, pine lead enghua extract, water, lactobacillus/rice ferment, strong root extract, butylene glycol, 1,2-hexanediol, keratin, elastin, gelatin, fragrance, limonene, linalool, coumarin, citronellol, hydroxycitronellal	Корея	Кудряшкам не подойдет	Высокая
Масло	Утюг ●●●	Пленки, защита от внешних факторов	Питание	La'dor  Wonder Hair Oil  Масло для волос увлажняющее 		Cyclopentasiloxane, Cyclohexasiloxane, Isopropyl Myristate, Dimethicone, Isododecane, C12-15 Alkyl Benzoate, Hydrogenated Ethylhexyl Olivate, Hydrogenated Olive Oil Unsaponifiables, Amodimethicone, Persea Gratissima (Avocado) Oil, Argania Spinosa Kernel Oil, Tocopheryl Acetate, Moringa Oleifera Seed Oil, Camellia Japonica Seed Oil, Macadamia Ternifolia Seed Oil, Sclerocarya Birrea Seed Oil, Squalane, Helianthus Annuus (Sunflower) Seed Oil, Fragrance	Корея	Кудряшкам не подойдет	Высокая
Масло	Утюг ●●●	Пленки, защита от внешних факторов	Комплексный уход (увлажнение, питание, восстановление)	Lanza  Neem Plant Silk Serum  Укрепляющая сыворотка с растительными экстрактами		Cyclopentasiloxane, Dimethicone, Caprylyl Methicone, Diphenylsiloxy Phenyl Trimethicone, Perfluorononyl Dimethicone, Melia Azadirachta Extract, Keratin Amino Acids, Santalum Album Extract, Phellodendron Amurense Bark Extract, Hordeum Distichon Extract, Dimethiconol Cysteine, Ceramide NP, Sodium Hyaluronate, Dimethicone PEG-8 Meadowfoamate, Sodium PCA, Zinc Pca, Magnesium Pca, Manganese Pca, Citrus Limon Fruit Extract, Fumaria Officinalis Flower/​Leaf/​Stem Extract, Helianthus Annuus Seed Oil, Squalane, Fumaric Acid, Ethylhexyl Methoxycinnamate, Tetrahexyldecyl Ascorbate, Trimethylsiloxyamodimethicone, Ascorbyl Methylsilanol Pectinate, Butylene Glycol, Water/​Eau (Aqua), Benzotriazolyl Dodecyl P-Cresol, Fragrance (Parfum), Alpha-Isomethyl Ionone, Benzyl Salicylate, Butylphenyl Methylpropional, Citronellol, Coumarin, Geraniol, Limonene, Linalool	США	Кудряшкам не подойдет	Высокая
Крем	Фен ●	Пленки, защита от внешних факторов	Увлажнение Восстановление	Lebel Cosmetics IAU Essence Forti 		Aqua, Propanediol, Hydroxypropyltrimonium Hyaluronate, HydroxyethylAcrylate/Sodium Acryloyldimethyl Taurate Copolymer, Glycerin, Dimethiconol,clopentasiloxane, Dimethicone, Hydrolyzed Keratin, Trimethyl Pentaphenyl Trisiloxane,Dioctyldodecyl Lauroyl Glutamate, Diisostearyl Dimer Dilinoleate, Sodium LauroylSarcosinate, Butyrospermum Parkii (Shea) Butter, Isostearic Acid, Persea Gratissima(Avocado) Oil, Ethylhexyl Methoxycinnamate, Polyisobutene, PEG-7 TrimethylolpropaneCoconut Ether, Butyl Methoxydibenzoylmethane, Polysilicone-14, Sorbitan Isostearate,Ethoxydiglycol, Butylene Glycol, Parfum, Methylparaben, Ethylparaben, Butylparaben,Amyl Cinnamal, Amber Powder, Musk Ketone, Rosmarinus Officinalis Extract, RosaDamascena Flower Oil, Grass-Hay Herb Extract, Ribes Nigrum Juice, Benzyl Cinnamate,Evernia Prunastri Extract, Anise Alcohol, Cinnamal, Phenoxyethanol, Propylparaben	Япония 	Кудряшкам не подойдет	Высокая
Масло	Утюг ●●●	Пленки, защита от внешних факторов	Питание	Lebel Cosmetics IAU Essence Sleek Масло 		Cyclomethicone, Dimethiconol, Dimethicone, C12-15 Alkyl Benzoate, Simmondsia Chinensis (Jojoba) Seed Oil, Phytosteryl/Octyldodecyl Lauroyl Glutamate, Phytosteryl Oleate, Isostearic Acid, Persea Gratissima (Avocado) Oil, Butyrospermum Parkii (Shea) Butter Oil, Dimethicone Crosspolymer, Fragrance.	Япония 	Кудряшкам не подойдет	Высокая
Крем	Браш ●●	Пленки, защита от внешних факторов	Увлажнение Питание	Lebel Cosmetics  IAU Essence Moist Эссенция для волос		water, cyclomethicone, hydrogenated polyisobutene, dimethicone, hydrogenated rapeseed alcohol, persea gratissima (avocado) oil, myristyl alcohol, phytosteryl/octyldodecyl lauroyl glutamate, phytosteryl isostearyl dimer dilinoleate, isostearic acid, glycerin, butyrospermum parkii (shea) butter oil, tremella fuciformis polysaccharide, behentrimonium chloride, butylene glycol, polyglyceryl-10 laurate, phenoxyethanol, methylparaben, propylparaben, butylparaben, ethylparaben, alcohol, ethoxydiglycol, fragrance	Япония 	Кудряшкам не подойдет	Высокая
Спрей	Фен ●	Антистатик, пленки, защита от внешних факторов	Комплексный уход (увлажнение, питание, восстановление)	Letique  Keratin Hair Spray  Спрей для волос кератиновый		Aqua, Cetrimonium Chloride, Polyquaternium-16, Hydrolyzed Кeratin, Hydroxyethyl Urea, PEG/PPG-15/15 Dimethicone, PEG-12 Dimethicone, Cocos Nucifera (Coconut) Fruit Extract, Macadamia Ternifolia Seed Extract, Betula Alba Leaf Extract,  Urtica Dioica Extract, Chamomilla Recutita (Matricaria) Flower Extract, Panicum Miliaceum (Millet) Seed Extract, Lawsonia Inermis Extract, Equisetum Arvense Extract, Humulus Lupulus Cone Extract, Arctium Lappa Root Extract, Salvia Officinalis (Sage) Leaf Extract, Camellia Sinensis Leaf Extract,  Aloe Barbadensis Leaf Extract, Sodium PCA, Sodium Lactate, Arginine, Aspartic Acid, PCA, Glycine, Alanine, Serine, Valine, Proline, Threonine, Isoleucine, Histidine, Phenylalanine,  PEG-40 Hydrogenated Castor Oil, Parfum, F3Acetyl Tripeptide-2, Phenoxyethanol, Ethylhexylglycerin, Didecyldimonium Chloride, Citric Acid, EDTA	РФ/СНГ	Кудряшкам не подойдет, Prodew® 500 (Продью)	Высокая
Спрей	Фен ●	Антистатик, пленки, защита от внешних факторов	Поверхностный уход 	Likato Professional Спрей 17 в 1  для волос многофункциональный для укладки, восстановления и термозащиты		Aqua, Cetrimonium Chloride, Myristyl Alcohol, Amodimethicone/ Silsesquioxane Copolymer, Cyclopentasiloxane, Quaternium-70, Ethylhexylglycerin, Phenoxyethanol, Hydrolyzed Keratin (кератин), Polyquaternium-37, Propylene Glycol, Dicaprylate/Dicaprate, PPG-1 Trideceth-6, Macadamia Ternifolia Seed Oil (масло макадамии), Betaine, Benzophenone-4, Stearamidopropyl Dimethylamine, Citric Acid, Cetearyl Alcohol/ Ceteareth-20, Trideceth-5, Glycerin, Fragrance, Propylene Glycol.	ЕС		Высокая
Крем	Нет		Комплексный уход (увлажнение, питание, восстановление)	Limba  Instant Transformation  Несмываемая маска		Aqua, Cetearyl Alcohol, C13-15 Alkane, Isopentyldiol, Sorbitol, Cetrimonium Chloride, C10-40 Isoalkylamidopropylethyldimonium Ethosulfate, Dipropylene Glycol, Sh-Oligopeptide-78, Hydrolyzed Silk, Hydrolyzed Wheat Protein, Bis-Ethyl(isostearylimidazoline) Isostearamide, Diazolidinyl Urea, Methylparaben, Propylparaben, Propylene Glycol, Amodimethicone/Morpholinomethyl Silsesquioxane Copolymer, Trideceth-5, Glycerin, Parfum, Lactic Acid, Linalool, Limonene, Alpha-Isomethyl Ionone, Geraniol, Coumarine.	РФ/СНГ	Несмываемая маска  18-МЕА Питание поверхностное	Высокая
Крем	Фен ●	Антистатик, пленки	Увлажнение	Londa Professional   Sun Spark  Лосьон-кондиционер несмываемый солнцезащитный		Aqua, Ethylhexyl Methoxycinnamate, Polyquaternium-37, Ethylhexyl Triazone, Propylene Glycol Dicaprylate/Dicaprate, Behentrimonium Chloride, Propylene Glycol, Guar Hydroxypropyltrimonium Chloride, Phenoxyethanol, Cetearyl Alcohol, Parfum, Methylparaben, PPG-1 Trideceth-6, Isopropyl Alcohol, Glyoxylic Acid, PEG-20 Stearate, Cholesterol, Cetyl Alcohol, Butyl Methoxydibenzoylmethane, Disodium EDTA, Sodium Hydroxide, Alcohol Denat., Hexyl Cinnamal, Sorbitan Oleate, Benzyl Salicylate, Linalool, Macadamia Ternifolia Seed Oil, Citrus Nobilis Fruit Extract, Citrus Limon Fruit Extract, Citrus Aurantifolia Fruit Extract, Hydroxyisohexyl 3-Cyclohexene Carboxaldehyde, Alpha-Isomethyl Ionone, Limonene, Coumarin	ЕС	Можно использовать кудряшкам	Высокая
Масло	Утюг ●●●	Пленки, защита от внешних факторов	Питание	Macadamia Natural Oil Healing Treatment Oil Уход с маслом макадамии и арганы		Cyclopentasiloxane, Dimethicone, Argania Spinosa Kernel Oil, Macadamia Ternifolia Seed Oil, Mauritia Flexuosa Fruit Oil, Isopropyl Myristate, Tocopheryl Acetate, Ethylhexyl Methoxycinnamate, Ethylhexyl Salicylate, Butyl Methoxydibenzoylmethane, Parfum, Benzyl Benzoate, Coumarin, Linalool, Hexyl Cinnamal, Eugenol	США	Кудряшкам не подойдет	Средняя
Крем	Фен (слабая) ●	Антистатик, пленки	Увлажнение Питание 	Marc Anthony Strictly Curls  Curl Envy Cream		Water (Aqua/Eau), Cetyl Alcohol, Behentrimonium Chloride, Paraffinum Liquidum, Dimethicone, Petrolatum, Cetearyl Alcohol, Stearyl Alcohol, Cyclopentasiloxane, Glycerin, Persea Gratissima (Avocado) Oil, Butyrospermum Parkii (Shea) Butter, Glycine Soja (Soybean) Oil, Panthenol (Vitamin - B5), Tocopheryl Acetate (Vitamine), Citric Acid, Cellulose, Hydroxyethylcellulose , Cetrimonium Chloride, Sodium Acetate , Tetrasodium Edta, Isopropyl Alcohol, Dmdm Hydantoin, Fragrance (Parfum), Yellow 5 (Ci 19140), Linalool, Citral, Benzyl Benzoate, Hexyl Cinnamal, Limonene.	Канада		Высокая
Крем	Фен ●	Пленки, защита от внешних факторов	Увлажнение	Masil  9 Protein Perfume Silk  Несмываемый концентрированный бальзам-сыворотка для поврежденных волос, с протеинами		Water, Dimethicone, Propylene Glycol, Cyclopenta- siloxane, Cetearyl Alcohol, Butylene Glycol, Fragrance, Glyceryl Stearate, Polysorbate 80, Behentrimonium Chloride, Isopropyl Alcohol, Macadamia Ternifolia Seed Oil, Simmondsia Chinensis (Jojoba) Seed Oil, Cyclotetrasiloxane, Hydrolyzed Cottonseed Protein, Synthetic Fluorphlogopite, Titanium Dioxide, Phytantriol, Hydrolyzed Silk, 1,2-Hexanediol, Fibroin, Hydrolyzed Collagen, Phenoxyethanol, Sodium Hyaluronate, Gelatin, Hydrogenated Lecithin, Hydrolyzed Keratin, Avena Sativa (Oat) Kernel Extract, Tin Oxide, Acetic Acid, Ethylhexylglycerin, Hydrolyzed Corn Protein, Hydrolyzed Soy Protein, Hydrolyzed Wheat Protein, Acorus Calamus Root Extract, Adansonia Digitata Seed Extract, Aloe Barbadensis Leaf Extract, Camellia Japonica Flower Extract, Euterpe Oleracea Fruit Extract, Laminaria Japonica Extract, Malpighia Emarginata (Acerola) Fruit Extract, Moringa Pterygos- perma Seed Extract, Nelumbium Speciosum Flower Extract, Propolis Extract, Prunus Avium (Sweet Cherry) Fruit Extract, Prunus Persica (Peach) Fruit Extract, Prunus Serrulata Flower Extract, Pyrus Malus (Apple) Fruit Extract, Salvia Officinalis (Sage) Extract, Viola Mandshurica Flower Extract, Acetyl Hexapep- tide-8	Корея	Кудряшкам не подойдет	Высокая
Масло	Браш ●●	Пленки, защита от внешних факторов	Питание	Matrix Food For Soft  Масло-сыворотка для увлажнения сухих волос с маслом авокадо		ISODODECANE, DIMETHICONE, C11-13 ISOPARAFFIN, CAPRYLIC/CAPRIC TRIGLYCERIDE, DIMETHICONOL, AMODIMETHICONE, PARFUM / FRAGRANCE, PERSEA GRATISSIMA OIL / AVOCADO OIL (масло авокадо), ETHYLHEXYL PALMITATE, LINALOOL, BENZYL SALICYLATE, BENZYL ALCOHOL, COUMARIN, LIMONENE, TRIHYDROXYSTEARIN, SODIUM HYALURONATE, TOCOPHEROL (токоферол/витамин E), HELIANTHUS ANNUUS SEED OIL / SUNFLOWER SEED OIL (масло подсолнечника), ROSMARINUS OFFICINALIS LEAF EXTRACT / ROSEMARY LEAF EXTRACT (экстракт розмарина), GLUCOMANNAN	ЕС		Высокая
Спрей	Фен ●	Антистатик, пленки, защита от внешних факторов	Поверхностный уход 	Matrix  Moisture Me Rich  Спрей для волос двухфазный несмываемый		Aqua / water • isododecane • polyquaternium-16 • dimethicone • phenoxyethanol • laureth-23 • laureth-4 • glycerin • phenyl trimethicone • polyquaternium-6 • amodimethicone • citrus grandis / grapefruit fruit water • dimethiconol • parfum / fragrance • polyaminopropyl biguanide • trideceth-5 • citric acid • prunus armeniaca kernel oil / apricot kernel oil • trideceth-10 • linalool • benzyl salicylate • limonene • benzyl alcohol • butylphenyl methylpropional • Hexyl cinnamal • citronellol • alpha-isomethyl ionone • ci 42090 / blue 1 (f.I.L. D171014/1)	ЕС	Кудряшкам не подойдет	Высокая
Спрей	Фен ●	Пленки, защита от внешних факторов	Поверхностный уход 	Matrix  TotalResults Mega Sleek Iron Smoother Спрей для гладкости волос		alcohol denat., aqua / water, va/crotonates/ vinyl neodecanoate copolymer, peg-40 hydrogenated castor oil, dimethicone peg-7 phosphate, parfum / fragrance, propylene glycol, xylose, aminomethyl propanol, benzyl salicylate, benzyl alcohol, hexyl cinnamal, limonene, linalool, sodium citrate (f.i.l.d170947/1)	ЕС	Утяжеляет волосы, подходит для высокопористых и окрашенных волос, кудряшкам не подойдет, может подсушивать волосы	Высокая
Сыворотка	Фен ●		Поверхностный уход 	Mixit Collagen Serum Сыворотка для волос		Aqua, Glycerin, Dimethicone, Phenoxyethanol, Hydroxyethylcellulose, Sodium Acrylate/Sodium Acryloyldimethyl Taurate Copolymer, Linoleamidopropyl PG-Dimonium Chloride Phosphate, Silicone Quaternium-18, Amodimethicone, Polyquaternium-7, Silicone Quaternium-22, PEG/PPG-18/18 Dimethicone, Guar Hydroxypropyltrimonium Chloride, Soluble Collagen, Biotin, Hydrolyzed Corn Protein, Hydrolyzed Wheat Protein, Hydrolyzed Soy Protein, Leuconostoc/Radish Root Ferment Filtrate, Polyglyceryl-3 Caprate, Dipropylene Glycol, Laureth-7, Isolaureth-6, Trideceth-6, Trideceth-12, Cocamidopropyl Betaine, Benzophenone-4, Ethylhexylglycerin, Sodium Benzoate, Parfum, Hexyl Cinnamal, Linalool, Benzyl Salicylate, Limonene.	РФ/СНГ		Средняя
Крем-спрей	Фен ●	Антистатик, пленки	Поверхностный уход 	MiYo Lini Diamond Shine Hair Protection Крем-спрей 		Aqua, Cetearyl Alcohol, Cetrimonium Chloride, Amodimethicone (and) Trideceth-12 (and) Cetrimonium Chloride, PEG-PPG-15/15 Acetate Dimethicone (and) PEG-PPG 15/15 Allyl Ether Acetate (and) PEG/PPG-15/15 Acetate, Hydroxyethyl Urea, Simmondsia Chinensis (Jojoba) Seed Oil, Phenoxyethanol (and) Ethylhexylglycerin, Propylene Glycol (and) Paeonia Lactiflora Root Extract, Panthenol, Tocopherol Acetate, Lactic Acid, Parfum	Корея	18-МЕА (убрали в новой версии состава)	Средняя
Спрей	Браш ●●	Антистатик, пленки, защита от внешних факторов	Комплексный уход (увлажнение, питание, восстановление)	MONE PROFESSIONAL  2 Phase Spray Conditioner Двухфазный спрей кондиционер для сухих и поврежденных волос		Aqua (вода), Cyclopentasiloxane, Phenyl Trimethicone, Amodimethicone, Dimethiconol, Panthenol (пантенол провитамин B5), Polyquaternium-22, Glycerin,Trideceth-12, C11-C15 pareth-7, Laureth-9, Wheat Amino Acids (аминокислоты пшеницы), Soy Amino Acids (аминокислоты белков сои), Arginine HCl, Serine, Threonine, Cocos nucifera oil (кокосовое масло), Gardenia tahitensis flower (Масло моной де Таити), Tocopherol (витамин Е), BHA, Polysilicone-19, Dipropylene Glycol, DMDM Hydantoin, PEG-40 Hydrogenated Castor Oil (гидрогенизированное касторовое масло), Sodium Chloride, Disodium EDTA, Benzophenone-4, Parfum (отдушка), Benzyl Salicylate, Hexyl Cinnamal, Butylphenyl Methylpropional, Limonene, Linalool, CI 60730, CI 16185	РФ/СНГ	Подходит для повреждённых, путающихся, под брашинг, придает блеск и плотность. не подойдет для кудряшек	Высокая
Крем	Браш ●●	Антистатик, пленки, защита от внешних факторов	Увлажнение	MONE PROFESSIONAL  Pink Bubbles - 6in1 filler cream Крем-филлер для блеска волос несмываемый 		Aqua, Cyclopentasiloxane, Dimethiconol, Propylene glycol, Myristyl alcohol, Ceteareth-30, Cetrimonium chloride, Parfum, Potassium sorbate, Sodium benzoate, Lactic acid	РФ/СНГ		Высокая
Спрей	Фен ●	Антистатик, пленки, стайлинг	Увлажнение Питание	MONE PROFESSIONAL  Root Volumizer Профессиональный уходовый спрей для долговременного прикорневого объема на каждый день		Aqua (вода), Propylene Glycol, Amp-Acrylates/Allyl Methacrylate Copolymer, Alcohol Denat, Peg-40 Hydrogenated Castor Oil, Phenoxyethanol, Sodium Polystyrene Sulfonate, Panthenol (пантенол провитамин B5), Peg/Ppg-25/25 Dimethicone , Hydrolyzed Vegetable Protein (гидролизованный растительный протеин), Pg-Propyl Silanetriol (гидрогенизированное касторовое масло), Parfum (отдушка), Ethylhexylglycerin, Sodium Sulfate, Cannabis Sativa Seed Oil (масло семян конопли), Persea Gratissima Oil (масло авокадо), Disodium Edta, Potassium Sorbate, Hexyl Cinnamal, Linalool, Benzyl Salicylate	РФ/СНГ	Кудряшкам можно пробовать, может подсушивать волосы	Высокая
Крем	Браш ●●	Антистатик, пленки	Увлажнение Восстановление	MONE PROFESSIONAL Moneplex 04 Keratin Elixir Профессиональная несмываемая маска для всех типов волос с кератином, восстанавливающий уходовый спрей для увлажнения, питания и постоянного блеска		Aqua, Cyclohexasiloxane, Propylene Glycol, Cetearyl Alcohol, Behentrimonium Chloride, Polysilicone-19, Dipropylene Glycol, Silicone Quaternium-22, Cyclopentasiloxane, Quaternium-80, Hydrolysed Silk, Wheat Amino Acids, Soy Amino Acids, Arginine HCl, Serine, Threonine, Panthenol, PPG-3 Myristyl Ether, Isopropyl Alcohol, Phenoxyethanol, Ethylhexylglycerin, Benzyl Alcohol, Potassium Sorbate, Sodium Benzoate, Disodium EDTA, Parfum, Butylphenyl Methylpropional, Αlpha-isomethyl Ionone, Citronellol, Limonene, Hexyl Cinnamal, Linalool	РФ/СНГ	Можно кудряшкам, если нет проблем с завитком	Высокая
Спрей	Фен ●	Антистатик, пленки, защита от внешних факторов	Поверхностный уход 	Moroccanoil  Frizz control  Для поврежденных, пористых, утяжеляет и выравнивает 		Aqua, Peg-12 Dimeticone, Polyquaternium-70, Parfum, Argania spinosa kernel oil, Polysorbate 20, Dipropylene glycol, acetamide mea, Peg-20 glyceryl laurate, tocopherol, linoleic acid, retinyl palmitate, diethylhexyl syringylidenemalonate,  Caprylic/Capric Triglyceride, phenoxyethanol, butylene glycol, chondrus crispus extract, ascophyllum nodosum extract, palmaria palmata extract, laminaria saccharina extract, undaria pinnatifida extract, caprylyl glycol, citric acid, chlorphenesin.	ИзраильСША	Кудряшкам не подойдет	Высокая
Масло	Утюг ●●●	Пленки, защита от внешних факторов	Питание	Moroccanoil  Treatment Масло восстанавливающее для всех типов волос		Cyclopentasiloxane, Dimethicone, Argania Spinoza Kernal Oil, Parfum/ Fragrance, Linseed (Linum Usitatissimum) Extract, D&C Red-17, D&C Yellow-11	ИзраильСША	Кудряшкам не подойдет	Высокая
Крем 	Браш ●●	Антистатик, пленки, защита от внешних факторов	Питание	Natura Siberica ICE Professional Профессиональный крем для окрашенных и тонированных волос несмываемый		Aqua, Cyclopentasiloxane, Polyquaternium- 37, Phenyl Trimethicone, Cetrimonium Chloride, Phospholipids, Glycine Soja Oil, Glycolipids, Glycine Soja Sterols (Lipid Pro-Complex), Cetearyl Alcohol, Dimethicone, Dimethiconol, Rubus Arcticus Fruit Extract Wh (Organic Arctic Raspberry Extract), Camellia Oleifera Seed Oil (Organic Camellia Oil), Rhodiola Rosea Root Extract (Organic Rhodiola Extract), Vaccinium Macrocarpon Fruit Extract (Organic Cranberry Extract), Schisandra Chinensis Fruit Extract Wh (Organic Schisandra Extract), Aralia Mandshurica Leaf/Stem Extract Wh (Organic Aralia Extract), Ethylhexyl Methoxycinnamate (Uv Filter), Tocopheryl Acetate, Hydroxyethylcellulose, Benzyl Alcohol, Benzoic Acid, Sorbic Acid, Citric Acid, Parfum, Limonene, Benzyl Benzoate, Hexyl Cinnamal, Linalool.	РФ/СНГ		Высокая
Масло	Утюг ●●●	Антистатик, пленки, защита от внешних факторов	Питание	Natura Siberica ICE Professional Repair my hair oil Масло для сильно поврежденных волос		 Cyclopentasiloxane, Phenyl Trimethicone, Pinus Sibirica Seed Oilwh (Organic Cedar Oil), Rosa Canina Fruit Oil (Organic Rose Hip Oil), Dimethicone, Dimethiconol, Tocopheryl Acetate, Hydrolyzed Vegetable Protein (Plant Keratin), Hydrolyzed Wheat Protein, Parfum, Benzyl Salicylate, Hexyl Cinnamal, Linalool, Geraniol, Coumarin. (WH) - Wild Harvested Siberian Plants Organic Extracts	РФ/СНГ		Высокая
Спрей	Фен ●	Антистатик, пленки	Поверхностный уход Увлажнение	Nexxt Professional  Spray Protection Winter  Спрей питание и защита при перепадах температур и влажности,  Эффект антистатика		aqua (water), polyquaternium-16, сetrimoniumсhloride, Linoleamidopropyl, PG-DimoniumChloride, phosphatedimethicone, panthenol, PEG-40 hydrogenatedcastoroil, disodiumEDTA, рarfum,	РФ/СНГ	Кудряшкам не подойдет	Средняя
Масло	Утюг ●●●	Пленки, защита от внешних факторов	Поверхностный уход 	Nutrapel Tratamiento Termo Protector Keractive Protect		Cyclopentasiloxane, Sd Alcohol 40-B Alcohol Denat, Deionized Water, Isohexadecane, Phenyl Trimethicone, Fragrance, Peg-150, Fd&C Green No. 3 Ci 42053	США	Не всем подойдет из-за простого спирта в составе	
Масло	Утюг ●●●	Пленки, защита от внешних факторов	Питание	Olaplex  No. 7 bonding oil восстанавливающее масло "капля совершенства"		Dimethicone, Isohexadecane, C13-14 Isoparaffin, Coco-Caprylate, Phenyl Trimethicone, Bis-Aminopropyl Diglycol Dimaleate, Propanediol, Zea Mays (Corn) Oil, Beta-Carotene, Helianthus Annuus (Sunflower) Seed Oil, Moringa Oleifera Seed Oil, Punica Granatum Seed Oil, Water(Aqua) Morinda Citrifolia Fruit Powder, Fragrance(Parfum), Hexyl Cinnamal, Eclipta Prostrata Extract, Ethylhexyl Methoxycinnamate, Limonene, Tocopherol, Citral, Linalool, Melia Azadirachta Leaf Extract, Citronellol, Pzeudozyma Epicola/Camellia Sinensis Seed Oil Ferment Extract Filtrate.	США 	Не подходит для кудряшек	Высокая
Сыворотка	Фен ●	Антистатик, пленки	Увлажнение	Olaplex  No. 9 Bond Protector Nourishing Hair Serum Сыворотка для волос 		aqua (water), propanediol, betaine, quaternium-22, sodium hyaluronate, bis-aminopropyl diglycol dimaleate, cetrimonium chloride, panthenol,  hydroxyethylcellulose, pvp, guar hydroxypropyltrimonium chloride, furcellaria lumbricaris, pelvetia canaliculata extract, xylitylglucoside, polyquaternium-44, anhydroxylitol, maltitol, citric acid, trisodium ethylenediamine disuccinate, xylitol, sorbic acid, phenoxyethanol, ethylhexylglycerin, sodium benzoate, parfum (fragrance), citral, citronellol, hexyl cinnamal, limonene, linalool	США 	Кудряшкам можно пробовать	Высокая
Крем-спрей	Фен ●	Антистатик, пленки	Увлажнение	Ollin Professional Leave in cream spray 12 в 1 Крем-спрей многофункциональный 		Aqua, Myristyl Alcohol, Cetrimonium Chloride, Cyclopentasiloxane, Bis-Hydroxy/Methoxy Amodimethicone, Glycerin, Propylene Glycol, Phenoxyethanol, Citric acid, Parfum, Panthenol, Polyquaternium-70, Sodium PCA, Hydrolyzed Keratin, Dipropylene Glycol, Ethylhexylglycerin, Benzophenone-4, Citral, Eugenol	РФ/СНГ	Кудряшкам можно пробовать	Средняя
Спрей	Фен (слабая) ●	Антистатик, пленки	Увлажнение	Ollin Professional Perfect hair - Antistatic hair spray Спрей-антистатик		Aqua, Glycerin, Linoleamidopropyl PG-Dimonium Chloride Phosphate, Cetrimonium Chloride, Amodimethicone, C11-15 Alketh-7, Laureth-9, Trideceth-12, PEG-40 Hydrogenated Castor Oil, Parfum, DMDM Hydantoin, Sodium Benzoate, Panthenol, Saccharum Officinarum (Sugar Cane) Extract, Citrus Limon (Lemon) Fruit Extract, Betaine, Hexylene Glycol, Pyrus Malus (Apple) Fruit Extract, Camellia Sinensis Leaf Extract, Hexapeptide-11, Tetrasodium EDTA, Citric acid.	РФ/СНГ		Средняя
Спрей	Фен ●	Антистатик, пленки	Увлажнение	Ollin Professional Perfect hair fresh mix  Фруктовая сыворотка для волос 		Aqua, Cetearyl Alcohol, Isopropyl Myristate, Propylene Glycol, Bis-Diisopropanolamino-PG-Propyl Dimethicone/Bis-Isobutyl PEG-14 Copolymer, Polysorbate 20, Butyloctanol, PEG-8, PEG-8/SMDI Copolymer, Palmitoyl Myristyl Serinate, Sodium Polyacrylate, Lactic Acid, Behenamidopropyl Dimethylamine, Vincetoxicum Atratum Root Extract, Butylene Glycol, Malus domestica Fruit Extract, Actinidia chinensis Fruit Extract, Vitis vinifera Fruit Extract, Parfum, Limonene, Linalool, Alpha-isomethyl ionone, Citral, Citronellol, Geraniol, Methylchloroisothiazolinone, Methylisothiazolinone.	РФ/СНГ	Кудряшкам не подойдет	Средняя
Спрей	Фен (слабая) ●	Антистатик, пленки	Увлажнение Восстановление	Ollin Professional  Smooth Hair Spray Термозащитный разглаживающий спрей 		water, hydroxypropyltrimonium hydrolyzed corn starch, cetrimonium chloride, propylene glycol, silicone quaternium-16, undeceth-11, peg-40, hidrogenated castor oil, d-pantenol, hydrolyzed silk, phytantriol, fragrance, 5-chlor-2-methil-4-isothiazolin-3-one, 2-methil-4-isothiazolin-3-one, hexyl cinnamal, linalool, butylphenyl methilpropional, citronellol, benzyl salicylate, geraniol, hydroxycitronellal, amyl cinnamal, limonene, hidroxyisohexyl 3-cyclohexene, isoeugenol, citral	РФ/СНГ	Кудряшкам не подойдет	Средняя
Крем	Браш ●●	Пленки, защита от внешних факторов	Увлажнение Питание	ORGANICALS Abundance Silk Moringa Несмываемый крем для волос		Aqua [Water], Cyclopentasiloxane, Propylene glycol, Myristyl alcohol, Dimethiconol, Cetrimonium chloride, Moringa oleifera seed oil, Argania spinosa kernel oil, Camellia japonica seed oil, Plukenetia volubilis seed oil, Ethylhexyl methoxycinnamate, Butyl methoxydibenzoylmethane, Lycium barbarum fruit extract, Glycerin, Lactic acid, Tocopherol, Phenoxyethanol, Sodium dehydroacetate, Benzyl alcohol, Potassium sorbate, Hexyl cinnamal, Parfum [Fragrance].	ЕС		
Спрей	Браш ●●	Антистатик, пленки	Питание Восстановление	Oyster Cutinol Plus  Discipline Macadamia & Monoi  Heat Protection Spray		Water, Cyclopentasiloxane, Glyoxylic Acid, Cetearyl Alcohol, Cetrimonium Chloride, Macadamia Ternifolia Seed Oil, Cocos Nucifera Oil, Gardenia Tahitensis Flower Extract, Wheat Amino Acids, Soy Amino Acids, Threonine, Arginine Hci, Serine, Glyceryl Laurate, Vp Dmapa Acrylates Copolymer, Glycerin, Benzyl Alcohol, Parfum, Benzyl Salicylate, Limonene, Linalool, Coumarin, Alpha-Isomethyl Ionone	ЕС		Высокая
Крем	Фен ●	Пленки, защита от внешних факторов	Комплексный уход (увлажнение, питание, восстановление)	Petrova Professional  Oil Replacement Extra Care  Кондиционер для волос "Экстра уход от выпадения волос" с мультивитаминным комплексом		Aqua, Cetearyl Alcohol, Stearamidopropyl Dimethylamine, Light Liquid Paraffin, Glyceryl Stearate, PEG-100 Stearate, Dimethicone, Cyclopentasiloxane, Hydrolysed Keratin, Argania Spinosa (Argan) Oil, Parfum, Disodium EDTA, Isopropyl Myristate, Glycine Soja (Soybean) Oil, Carthamus Tinctorius (Safflower) Seed Oil, Linoleic Acid , Tocopheryl Acetate, Retinyl Palmitate, Lactic Acid, Phenoxyethanol, Ethylhexylgylcerine, Benzyl Salicylate, D Limonene	ОАЭ	Не подходит для кудряшек	Средняя
Спрей	Фен (слабая) ●	Антистатик, пленки	Питание	Philip Kingsley  Daily Damage Defence Daily Leave-In Conditioner  Защитный спрей для волос 		Aqua (Water), Ethylhexyl Dimethyl PABA, PEG-75 Lanolin, Quaternium-91, Cetearyl Alcohol, Parfum (Fragrance), Cetrimonium Methosulfate, Cetyl Alcohol, Silicone Quaternium-16, Cyclopentasiloxane, Citric Acid, Behentrimonium Methosulfate, Panthenol, Quaternium-33, Cyclohexasiloxane, Undeceth-11, Hydrolyzed Sweet Almond Seedcake, Ethylhexylglycerin, Butyloctanol, Undeceth-5, Disodium EDTA, Hydrolyzed Elastin, Acetic Acid, Phenoxyethanol, Sodium Benzoate, Iodopropynyl Butylcarbamate, Limonene	UK	Можно использовать кудряшкам	Высокая
Молочко	Нет	Антистатик, смягчение, распутывание, пленки	Питание	ProКудри  Молочко для кудряшек  Несмываемый уход для кудрявых волос 		Aqua, Behentrimonium Methosulfate, Ceteary| Alcohol, Caprylic/Capric Triglyceride, Butyrospermum Parkii (Shea) Butter, Polyquaternium-7, Cocos Nucifera (Coconut) Oil, Brassica Oleracea Italica Seed Oil, Burdock (Arctium Lappa) Root Infused Oil, Cannabis Sativa Seed Oil, Macadamia Terifolia Seed Oil, Amla Oil, Sesamum Indicum Seed Oil, Argan Spinosa Kemel Oil, Glycerin, Parfum, Hydrolyzed Wheat Protein, Guar Hydroxypropy/trimonin Chloride, Panthenol, Benzyl Alcohol, Benzoic Acid, Sorbic Acid, Citric Acid	РФ/СНГ	Для любого типа волос	Средняя
Крем 	Фен ●	Пленки, защита от внешних факторов	Комплексный уход (увлажнение, питание, восстановление)	Rated Green Cold Pressed Shea Butter Protein Recharging Leave-in Treatment		Glycerin, Water, Cyclopentasiloxane, Dimethicone, Cetearyl Alcohol, Dicaprylyl Carbonate, Propylene Glycol, Steartrimonium Chloride, Behentrimonium Chloride, Butyrospermum Parkii (Shea) Butter, Glycine Soja (Soybean) Seed Extract, Citrus Aurantium Dulcis (Orange) Peel Oil, Avena Sativa (Oat) Kernel Protein, Aloe Barbadensis Leaf Juice, Hydroxyethylcellulose, Quanternium-80, Cetyl Esters, Dipropylene Glycol, Pentylene Glycol, 1,2-Hexanediol, Butelene Glycol, Octanediol, Tocopherol, Ethylhexylglycerin, Citric Acid, Stearyl Alcohol, Sodium Benzoate, Potassium Sorbate, Parfum (Frangrance), Limonene, Linalool, Citronellol, Benzyl Benzoate, Geranio, Benzyl Salicylate	Корея	Кудряшкам не подойдёт	Высокая 
Крем	Нет	Смягчение, распутывание, пленки	Комплексный уход (увлажнение, питание, восстановление)	Rated Green  Real shea anti-frizz hydrating hair lotion  Увлажняющий лосьон для волос с маслом ши холодного отжима		Water, Cetyl Ethylhexanoate, Butylene Glycol, Cetearyl Alcohol, Glycerin, Chondrus Crispus Extract, Saccharum Officinarum (Sugarcane) Extract, Butyrospermum Parkii (Shea) Butter, Simmondsia Chinensis (Jojoba) Seed Oil, Avena Sativa (Oat) Kernel Protein, Ammonium Acryloyldimethyltaurate/VP Copolymer, Glyceryl Stearate, Polyglyceryl-3 Methylglucose Distearate, Caprylyl Glycol, Glyceryl Caprylate, Cetearyl Glucoside, Glucose, Disodium EDTA, Fragrance(Parfum)	Корея	Для любого типа волос	Высокая
Масло	Утюг ●●●	Пленки, защита от внешних факторов	Питание	Rene  Furterer Solaire Protective Summer Oil		SD Alcohol 39-C (Alcohol Denat) Cyclomethicone C12-15 Alkyl Benzoate Ethylhexyl Methoxycinnamate Sesamium Indicum (Sesame) Seed Oil (Sesamum Indicum) Ricinus Communis (Castor) Seed Oil (Ricinus Communis) Fragrance (Parfum)	ЕС	Можно использовать кудряшкам, может подсушивать волосы	Высокая
Флюид	Браш ●●	Антистатик, пленки, защита от внешних факторов	Восстановление	Revlon Professional  Equave Instant Beauty Keratin Enriched Conditioner   Кондиционер несмываемый двухфазный для защиты от солнца для волос		Aqua/Water/Eau, Cyclopentasiloxane, Cocodimonium Hydroxypropyl Hydrolyzed Keratin, Cocodimonium Hydroxypropyl Hydrolyzed Wheat Protein, Disiloxane, Disodium EDTA, Gluconolactone, Lactic Acid, PEG-12 Dimethicone, Phenyl Trimethicone, Polyquaternium-16, Polyquaternium-6, Tocopheryl Acetate, Benzophenone-4, Diethylamino Hydroxybenzoyl Hexyl Benzoate, Ethylhexyl Methoxycinnamate, Parfum (Fragrance), Benzyl Benzoate, Citral, Limonene, Linalool, Sodium Benzoate, Orange 4 (CI 15510), Red 33 (CI 17200), Yellow 5 (CI 19140). Y00588.	ЕС	Кудряшкам не подойдет	Высокая
Масло	Утюг ●●●	Пленки, защита от внешних факторов	Питание	Revlon Professional  Orofluido Эликсир для красоты волос с маслом арганы		Cyclopentasiloxane, Dimethiconol, Argania Spinosa Kernel Oil, Cyperus Esculentus Root Oil, Parfum (Fragrance), Isopropyl Palmitate, Linum Usitatissimum (Linseed) Seed Oil, Benzophenone-3, BHA< Hydroxyisohexyl -3- Cyclohexene Carboxaldehyde, CI 47000 (Yellow 11), CI 26100 (Red 17)	ЕС	Кудряшкам не подойдет	Высокая
Спрей	Утюг ●●●	Пленки, защита от внешних факторов	Поверхностный уход 	Revlon Professional  Pro you fixer Спрей для термозащиты волос		cyclopentasiloxane, isododecane, alcohol denat., c12-15 alkyl benzoate, bis-hydroxy/methoxy amodimethicone, ethylhexyl methoxycinnamate, propylene glycol dicaprylate/dicaprate, amodimethicone, lauric acid, lauryl alcohol diphosphonic acid, pentylene glycol, benzophenone-3, parfum (fragrance), citronellol, eugenol, limonene,  linalool. y00351	ЕС	Кудряшкам не подойдет, может подсушивать волосы	Высокая
Сыворотка	Нет	Комплексный уход длительного воздействия	Увлажнение	Revox Just Hyaluronic acid 2% for hair Увлажняющая сыворотка для волос и кожи головы		Aqua, Propylene Glycol, Betaine, Glycerin, Ethoxydiglycol, Sodium Hyaluronate, Panthenol, Hydroxyethylcellulose, Ppg-1-Peg-9 Lauryl Glycol Ether, Phenoxyethanol, Disodium Edta	ЕС	Можно использовать для пересушенной кожи головы	Средняя
Крем	Нет	Комплексный уход длительного воздействия	Комплексный уход  (питание, увлажнение) 	Richee Professional Leave-in Cacau Power Nutri  Питательный несмываемый крем		Water, Cetearyl Alcohol, Glycerol, Behentrimonium Methosulfate, C10-40 Isoalkylamidopropylethyldimonium Ethosulfate, Cetyl Alcohol, PEG-90M, Decamethylcyclopentasiloxane, Cetrimonium Chloride, Polyquaternium-10, Cocoa Seed Butter, Coconut Oil, Dimethicone/Vinyl Dimethicone Crosspolymer, Perfume, DMDM ​​Hydantoin, Dimethiconol, Polyquaternium-67, Octinoxate, Disodium Edetate, Sodium PCA, Sodium Lactate, Arginine, Aspartic Acid, Mica, PCA, Linalool, Limonene, Glycine, Alanine, Serine, Valine, Proline, Threonine, Isoleucine, Histidine, Phenylalanine, Coumarin, Brown Dye 77480, Black Dye 20470, Tartrazine Yellow Dye 19140	Бразилия	18-mea Prodew 500	Высокая
Спрей	Нет	Комплексный уход длительного воздействия	Комплексный уход (увлажнение, питание, восстановление)	SAVONRY  Hair mist Conditioner  Мист-кондиционер для волос, с протеинами риса, пшеницы и концентрированными 		Aqua, Betaine (триметилглицин из сахарной свеклы), Panthenol (провитамин В5), Actinidia Chinensis (Kiwi) Juice, Citrus Aurantium Dulcis (Orange) Juice, Fragaria Ananassa (Strawberry) Juice, Pyrus Malus (Apple) Juice, Vitis Vinifera (Grape) Juice (смесь концентрированных соков апельсина, киви, клубники, винограда и яблока), Pentylene Glycol (Hydrolite® 5 green), Hydrolyzed Rice Bran Protein (протеины риса), Hydrolyzed Wheat Protein (протеины пшеницы), Simmondsia Chinensis (Jojoba) Seed Oil (масло жожоба), Citric Acid (лимонная кислота).	РФ/СНГ	Для любого типа волос	Средняя
Спрей	Нет	Комплексный уход длительного воздействия	Комплексный уход (увлажнение, питание, восстановление)	Schwarzkopf BC Moisture Kick Spray Conditioner Glycerol		Aqua (Water, Eau), Dicaprylyl Carbonate, Glycerin, Panthenol, Soy Amino Acids, Wheat Amino Acids, Serine, Threonine, Arginine HCl, PEG-7 Glyceryl Cocoate, Cetyl Ethylhexanoate, Parfum (Fragrance), Citric Acid, Sodium Benzoate, Cetrimonium Chloride, Linalool, Guar Hydroxypropyltrimonium Chloride, Citronellol, Alpha-Isomethyl Ionone, Geraniol, Limonene, Benzyl Alcohol, Potassium Sorbate 	ЕС	Для любого типа волос	Высокая
Спрей	Фен ●	Антистатик, пленки	Восстановление	Schwarzkopf Got2b  Выпрямляющий cпрей для укладки волос утюжок, термозащитный		Aqua (Water, Eau)*Alcohol denat.*VP/VA Copolymer*Laurdimonium Hydroxypropyl Hydrolyzed Collagen*Parfum (Fragrance)*Cetrimonium Chloride*Sodium Benzoate*Hydrolyzed Silk*Phosphoric Acid*Butylene Glycol*Hydrolyzed Keratin*Linalool*Hexyl Cinnamal*Limonene*Geraniol*Citronellol*Benzyl Salicylate*Benzyl Alcohol*Methylparaben	ЕС	Можно использовать кудряшкам, может подсушивать волосы	Средняя
Спрей	Браш ●●	Антистатик, пленки, разглаживание, защита от внешних факторов	Увлажнение	Schwarzkopf Gliss Kur Aqua Miracle Спрей-кондиционер		Aqua (water, eau), Cyclomethicone, Phenyl trimethicone, Dimethylsilanol hyaluronate, Laminaria saccharina extract, Panthenol, Hydrolyzed keratin, Glycerin, Lactic acid, Sodium benzoate, Dimethiconol, Cetrimonium chloride, Phenoxyethanol, Potassium sorbate, Polyquaternium-16, Linalool, Benzyl alcohol, Parfum (fragrance), Benzyl salicylate, Cetyl PEG/PPG-10/1 dimethicone 	РФ/СНГ	Кудряшкам не подойдет	Средняя
Спрей	Браш ●●	Антистатик, пленки, разглаживание, защита от внешних факторов	Увлажнение	Schwarzkopf Gliss Kur Aqua Revive Спрей-кондиционер		Aqua (Water, Eau), Trisiloxane, Dimethicone, Prunus Armeniaca (Apricot) Kernel Oil, Phenyl Trimethicone, Dimethylsilanol Hyaluronate, Glycerin, Laminaria Saccharina Extract, Hydrolyzed Keratin, Dimethiconol, Polyquaternium-16, Parfum (Fragrance), Cetyl PEG/ PPG-10/1 Диметикон, Цетримон хлорид, Лактический acid, Panthenol, Sodium Benzoate, Benzyl Salicylate, Linalool, Phenoxyethanol, Potassium Sorbate, Benzyl Alcohol	ЕС РФ/СНГ	Кудряшкам не подойдет	Средняя
Спрей	Браш ●●	 Пленки, защита от внешних факторов	Питание Восстановление	Schwarzkopf Gliss Kur Split Ends Miracle Express Repair Conditioner		Aqua, Trisiloxane, Dimethicone, Prunus Armeniaca Kernel Oil, Phenyl Trimethicone, Hydrolyzed Keratin, Guar Hydroxypropyltrimonium Chloride, Vitis Vinifera Seed Oil, Dimethiconol, Polyquaternium-16, Parfum, Cetyl PEG/PPG-10/1 Dimethicone, Cetrimonium Chloride, Lactic Acid, Sodium Benzoate, Limonene, Benzyl Salicylate, Hexyl Cinnamal, Benzyl Alcohol, Coumarin, Alpha-Isomethyl Ionone, Phenoxyethanol, Potassium Sorbate.	ЕС РФ/СНГ		
Крем-спрей	Фен ●	Антистатик, пленки	Поверхностный уход 	SERGIO PROFESSIONAL Мультиактивный спрей 12 в 1 		Aqua (Water), Myristyl Alcohol, Quaternium-80, Phenoxyethanol, Cyclopentasiloxane, Cetrimonium Chloride, Pаrfume (fragrance), Amodimethicone, Dimethiconol, Argania Spinosa Kernel Oil, Ethylhexylglycerin, Linum usitatissimum (Linseed) seed oil, Macadamia integrifolia seed oil, Sodium laneth-40 maleate/styrene sulfonate copolymer,  Propylene glycol, Butylphenyl Methylpropional, Trideceth-10, Hydrolyzed Wheat Protein, Butylene Glycol, Hydroxypropyltrimonium Hydrolyzed Corn Starch, Benzophenone-4, Citric acid, Keratin amino acids, PEG-40 hydrogenated castor oil, Tocopheryl acetate, Hydrolyzed Silk, Glycerin, Hypnea Musciformis Extract, Benzyl Benzoate, Linalool, Alpha-isomethyl ionone, Camellia Sinensis Leaf Extract.	ЕС		Средняя
Спрей	Нет		Увлажнение Питание	Sim Sensitive Forme Essentials Conditioning Mist   Несмываемый кондиционер-спрей для волос с маслом семян овса		Aqua, Glycerin, Betaine, PEG-6 Caprylic Capric Glycerides, Avena Sativa Kernel Oil, Panthenol, Polysorbate 20, PEG-40 Hydrogenated Castor Oil, Ethylhexyl Methoxycinnamate, Parfum, Butylphenyl Methylpropional, Citronellol, Hexyl Cinnamal, Linalool, Polyquaternium-28, Aloe Barbadensis Leaf Juice, Cetrimonium Chloride, Phenoxyethanol, Ethylhexylglycerin, Caprylyl Glycol, Pantolactone, Citric Acid, Sodium Benzoate.	Финляндия		Высокая
Масло	Утюг ●●●	Пленки, защита от внешних факторов	Питание	Sono Argan, the oil Масло для волос		Dimethicone, Dimethiconol, Isododecane, Argania spinosa kernel oil, Daucus carota extract, Zea mays germ oil, Linalool, Limonene, Eugenol, Citronellol, Parfum	ЕС		Высокая
Спрей	Фен ●	Антистатик, пленки, защита от внешних факторов	Увлажнение Питание	Sun Energy  Солнцезщитный спрей для волос с гиалуроновой кислотой		Aqua, Amodimethicone, Cetrimonium Chloride, Trideceth-10, Aloe Barbadensis Leaf Juice, PEG-12 Dimethicone, PEG-40 Hydrogenated Castor Oil, Sodium Hyaluronate, Wheat Amino Acids, Soy Amino Acids, Arginine HCl, Serine, Threonine, Octyl Salicylate, Undeceth-11, Butyloctanol, Undeceth-5, Silicone Quaternium-16, Parfum, Isopropyl Alcohol, Acetic Acid, Potassium Sorbate, Sodium Benzoate, Benzyl Alcohol, Phenoxyethanol, Ethylhexylglycerin, 1,2-Hexanediol, Caprylyl Glycol, Hexyl Cinnamal, Linalool, Limonene, Geraniol, Citronellol, Alpha-Isomethyl Ionone, Coumarin, Butylphenyl Methylpropional.	Украина	Не подходит кудряшкам	Средняя
Масло	Утюг ●●●	Пленки, защита от внешних факторов	Питание	The Act labs Extra Hair Oil Serum Масло для всех типов волос восстанавливающее		Cyclopentasiloxane, Dicaprylyl Carbonate, Dimethiconol, Brassica Oleracea Italica (Broccoli) Seed Oil, Ricinus Communis (Castor) Seed Oil, Cocos Nucifera (Coconut) Oil, Argania Spinosa (Argan) Kernel Oil, Macadamia Ternifolia Seed Oil, Bis (C13-15 Alkoxy) PG-Amodimethicone, Phenyl Trimethicone, Fragrance	РФ/СНГ	Кудряшкам не подойдет	Высокая
Крем	Фен ●	Смягчение, распутывание	Питание Восстановление	The heal Несмываемый крем для восстановления гладкости и плотности волос		Aqua, Myristyl Alcohol, Cetearyl Alcohol, Behentrimonium Methosulfate, Cetrimonium Chloride, Phenyltrimethicone, Dimethicone, Simmondsia Chinensis (Jojoba) Seed Oil, Hydrolyzed Silk, C10-40 Isoalkylate, Hydrolyzed Collagen, Hydrolyzed Elastin, Panthenol, Fragrance, Ethylhexylglycerin, Phenoxyethanol.	РФ/СНГ	Для любого типа волос, есть 18-МЕА	Высокая
Сыворотка	Нет	Комплексный уход длительного воздействия	Увлажнение	The Ordinary Hair Care. Natural Moisturizing Factors + HA Увлажняющая сыворотка для кожи головы		Aqua (Water), Squalane, C12-13 Alkyl Glyceryl Hydrolyzed Hyaluronate, Arginine, Aspartic Acid, Glycine, Alanine, Serine, Valine, Isoleucine, Proline, Threonine, Histidine, Phenylalanine, Glutamic Acid, Glucose, Fructose, Sucrose, PCA, Sodium PCA, Zinc PCA, Magnesium PCA, Manganese PCA, Urea, Sodium Lactate, Lactic Acid, Hexyl Nicotinate, Lauryl Glucoside, Myristyl Glucoside, Polyglyceryl-6 Laurate, Isoceteth-20, Dextrin, Hexylene Glycol, Potassium Sorbate, Phenoxyethanol, Chlorphenesin	Канада	Можно использовать для пересушенной кожи головы, Prodew® 500	Высокая
Крем	Фен ●	Пленки, разглаживание, защита от внешних факторов	Поверхностный уход 	TIGI Bed Head After Party Hair Cream		Water (Aqua/Eau), Dimethicone, Cyclopentasiloxane, Dimethiconol, Acrylamide/sodium Acryloyldimethyltaurate Copolymer, Phenyl Trimethicone, Propylene Glycol, Isohexadecane, Phenoxyethanol, Fragrance (parfum), Peg-8 Methicone, Ethylhexyl Hydroxystearate, Polysorbate 80, Sorbitan Oleate, Peg-4dilaurate, Peg-4 Laurate, Iodopropynyl Butylcarbamate, Peg-4, Sodium Pca, Dimethicone Peg-8 Meadowfoamate, Panthenol, Cinnamidopropyltrimonium Chloride, Amyl Cinnamal, Benzyl Salicylate, Citral, Citronellol, Geraniol, Hexyl Cinnamal, Hydroxycitronellal, Limonene, Linalool, Bismuth Oxychloride (ci 77163), Mica (ci 77019), Titanium Dioxide (ci 77891) 	США		Высокая
Сыворотка	Нет		Увлажнение	TIGI Bed Head Control freak Frizz control and Straightening Сыворотка для гладкости и дисциплины волос для стайлинга		Water (Aqua/Eau), Propylene Glycol, Glycerin, Oleth-20, Phenoxyethanol, Fragrance (Parfum), Dimethicone PEG-8 Meadowfoamate, Helianthus Annuus (Sunflower) Seed Oil, Actinidia Chinensis (Kiwi) Fruit Extract, Jasminum Officinale (Jasmine) Extract, Hydroxyethylcellulose, Carbomer, Polyquaternium-11, PEG-12 Dimethicone, Aminomethyl Propanol, Disodium EDTA, PEG-45M, PEG-4 Dilaurate, PEG-4 Laurate, Benzophenone-4, Iodopropynyl Butylcarbamate, PEG-4, Silica, Amyl Cinnamal, Benzyl Benzoate, Citronellol, Hexyl Cinnamal, Hydroxycitronellal, Limonene, Linalool, Blue 1 (CI 42090), Red 33 (CI 17200), Yellow 5 (CI 19140), Mica (CI 77019), Titanium Dioxide (CI 77891).	США	Кудряшкам можно пробовать, если нет проблем с завитком	Высокая
Сыворотка	Фен ●	Антистатик, пленки	Увлажнение	Time to grow   Сыворотка восстанавливающая с биоидентичными церамидами		deionized water, polyquaternium-37, propylene glycol dicaprate dycaprylate, ppg-1 trideceth-6, bis-cetearyl amodimethicone, ceteareth-7, ceteareth-25, creatin, quaternium - 80, phenyltrimethicone, green tea extract, phenoxyethanol, glyceryl laurate, cetrimonium chloride, ceramide 3, ceramide 6, ceramide 1, phytosphingosine, cholesterol, sodium lauroyl lactylate, carbomer, xanthan gum, fragrance, мethylisothiazolinone, disodium edta	РФ/СНГ	Можно пробовать кудряшкам	Высокая
Крем	Нет	Комплексный уход длительного воздействия	Комплексный уход (увлажнение, питание, восстановление)	Vieso  Питательный с Мёдом Крем для Волос 		aqua(water), vitis vinifera seed oil, butyrospermum parkii oil, polyacrylamide, mel extract, hyaluronic acid, lavandula angustifolia oil, hydrolyzed vegetable protein, rosa damascena flower oil, citrus aurantium dulcis (orange) peel oil, phenoxyethanol	ЕС	Для любого типа волос	Высокая
Крем	Фен (слабая) ●		Комплексный уход (увлажнение, питание, восстановление)	VIRGIN HAIR  Крем- суфле 		Water, Cetearyl Alcohol (and) Behentrimonium Methosulfate, Panthenol, Hydrolyzed Silk Protein, Potassium Dimethicone PEG-7 Panthenyl Phosphate , Collagen , Hydrolysed elastin , Jojoba Butter, C10-40 Panthenol Esters, Cyclomethicone, Bis-Ethyl(isostearylimidazoline) Isostearamide , Lactic acid, Parfum, Phenoxyethanol , Ethylhexylglycerin.	РФ/СНГ	18-МЕА	Высокая
Спрей	Нет		Увлажнение	Wella Professionals Invigo sun  Спрей для защиты окрашенных волос от уф-лучей		Aqua, Isododecane, Isopropyl Alcohol, Panthenol, Phenoxyethanol, Parfum, Ethylhexyl Methoxycinnamate, Cetrimonium Chloride, Polyquaternium-6, Tocopheryl Acetate, Sodium Cocoamphoacetate, Polysorbate 20, Benzyl Salicylate, Hexyl Cinnamal, Butylphenyl Methylpropional, Limonene, Citronellol, PEG-20 Glyceryl Laurate, Linalool, Hydroxyisohexyl 3-Cyclohexene Carboxaldehyde, Cinnamyl Alcohol, Tocopherol, Linoleic Acid, Eugenol, Geraniol, Retinyl Palmitate, Diethylhexyl Syringylidenemalonate, Caprylic/Capric Triglyceride, Провитамин B5, Витамин E.	ЕС	Можно использовать кудряшкам	Высокая
Масло	Утюг ●●●	Пленки, защита от внешних факторов	Поверхностный уход 	Wella Professionals  Reflections Luminous smoothening Oil Разглаживающее масло для интенсивного блеска		Cyclopentasiloxane, Dimethiconol, Alcohol Denat., Parfum, Tocopheryl Acetate, Hexyl Cinnamal, Linalool, Limonene, Aqua, Persea Gratissima Oil, Macadamia Ternifolia Seed Oil, Cocos Nucifera Oil, Alpha-Isomethyl Ionone	ЕС	Кудряшкам не подойдет, может подсушивать волосы	Высокая